"","X","transect","start_x","start_y","direction","specifiedInclProb","AdjustedInclProb","cluster","x","y","long","lat"
"1",1,1,351320.00012302,6286135.00001984,196.363636363636,0.000200843204156771,0.000200843204156771,"NPZ1",115.398801544633,-33.5530143319162,"115 23.9280926779805","-33 33.1808599149721"
"2",2,1,351320.00012302,6286135.00001984,196.363636363636,0.000200843204156771,0.000200843204156771,"NPZ1",115.398768279848,-33.553104035902,"115 23.9260967908796","-33 33.1862421541201"
"3",3,1,351320.00012302,6286135.00001984,196.363636363636,0.000200843204156771,0.000200843204156771,"NPZ1",115.39873501499,-33.5531937398755,"115 23.9241008993995","-33 33.1916243925303"
"4",4,1,351320.00012302,6286135.00001984,196.363636363636,0.000200843204156771,0.000200843204156771,"NPZ1",115.39870175006,-33.5532834438368,"115 23.9221050036004","-33 33.1970066302078"
"5",5,1,351320.00012302,6286135.00001984,196.363636363636,0.000200843204156771,0.000200843204156771,"NPZ1",115.398668485058,-33.5533731477859,"115 23.9201091034794","-33 33.2023888671538"
"6",6,1,351320.00012302,6286135.00001984,196.363636363636,0.000200843204156771,0.000200843204156771,"NPZ1",115.398635219983,-33.5534628517227,"115 23.9181131989802","-33 33.207771103362"
"7",7,1,351320.00012302,6286135.00001984,196.363636363636,0.000200843204156771,0.000200843204156771,"NPZ1",115.398601954836,-33.5535525556474,"115 23.91611729016","-33 33.2131533388439"
"8",8,1,351320.00012302,6286135.00001984,196.363636363636,0.000200843204156771,0.000200843204156771,"NPZ1",115.398568689617,-33.5536422595597,"115 23.9141213770199","-33 33.2185355735821"
"9",9,1,351320.00012302,6286135.00001984,196.363636363636,0.000200843204156771,0.000200843204156771,"NPZ1",115.398535424326,-33.5537319634599,"115 23.9121254595598","-33 33.2239178075943"
"10",10,1,351320.00012302,6286135.00001984,196.363636363636,0.000200843204156771,0.000200843204156771,"NPZ1",115.398502158962,-33.5538216673478,"115 23.9101295377205","-33 33.2293000408679"
"11",11,1,351320.00012302,6286135.00001984,196.363636363636,0.000200843204156771,0.000200843204156771,"NPZ1",115.398468893526,-33.5539113712236,"115 23.9081336115603","-33 33.2346822734158"
"12",12,1,351320.00012302,6286135.00001984,196.363636363636,0.000200843204156771,0.000200843204156771,"NPZ1",115.398435628017,-33.554001075087,"115 23.90613768102","-33 33.2400645052202"
"13",13,1,351320.00012302,6286135.00001984,196.363636363636,0.000200843204156771,0.000200843204156771,"NPZ1",115.398402362436,-33.5540907789383,"115 23.9041417461597","-33 33.2454467362981"
"14",14,1,351320.00012302,6286135.00001984,196.363636363636,0.000200843204156771,0.000200843204156771,"NPZ1",115.398369096783,-33.5541804827773,"115 23.9021458069804","-33 33.2508289666378"
"15",15,1,351320.00012302,6286135.00001984,196.363636363636,0.000200843204156771,0.000200843204156771,"NPZ1",115.398335831057,-33.5542701866041,"115 23.9001498634199","-33 33.256211196246"
"16",16,1,351320.00012302,6286135.00001984,196.363636363636,0.000200843204156771,0.000200843204156771,"NPZ1",115.398302565259,-33.5543598904187,"115 23.8981539155405","-33 33.2615934251221"
"17",17,1,351320.00012302,6286135.00001984,196.363636363636,0.000200843204156771,0.000200843204156771,"NPZ1",115.398269299389,-33.5544495942211,"115 23.8961579633401","-33 33.2669756532659"
"18",18,1,351320.00012302,6286135.00001984,196.363636363636,0.000200843204156771,0.000200843204156771,"NPZ1",115.398236033447,-33.5545392980112,"115 23.8941620068207","-33 33.2723578806719"
"19",19,1,351320.00012302,6286135.00001984,196.363636363636,0.000200843204156771,0.000200843204156771,"NPZ1",115.398202767432,-33.5546290017891,"115 23.8921660459203","-33 33.2777401073462"
"20",20,1,351320.00012302,6286135.00001984,196.363636363636,0.000200843204156771,0.000200843204156771,"NPZ1",115.398169501345,-33.5547187055548,"115 23.8901700806998","-33 33.2831223332879"
"21",21,1,351320.00012302,6286135.00001984,196.363636363636,0.000200843204156771,0.000200843204156771,"NPZ1",115.398136235185,-33.5548084093083,"115 23.8881741111002","-33 33.288504558498"
"22",22,1,351320.00012302,6286135.00001984,196.363636363636,0.000200843204156771,0.000200843204156771,"NPZ1",115.398102968953,-33.5548981130494,"115 23.8861781371796","-33 33.2938867829638"
"23",23,1,351320.00012302,6286135.00001984,196.363636363636,0.000200843204156771,0.000200843204156771,"NPZ1",115.398069702649,-33.5549878167785,"115 23.88418215894","-33 33.29926900671"
"24",24,1,351320.00012302,6286135.00001984,196.363636363636,0.000200843204156771,0.000200843204156771,"NPZ1",115.398036436272,-33.5550775204952,"115 23.8821861763194","-33 33.3046512297122"
"25",25,1,351320.00012302,6286135.00001984,196.363636363636,0.000200843204156771,0.000200843204156771,"NPZ1",115.398003169823,-33.5551672241998,"115 23.8801901893797","-33 33.3100334519879"
"26",26,2,350670.00012302,6284835.00001984,98.1818181818182,0.000200843204156771,0.000200843204156771,"NPZ2",115.389855988476,-33.5655430906424,"115 23.3913593085599","-33 33.9325854385439"
"27",27,2,350670.00012302,6284835.00001984,98.1818181818182,0.000200843204156771,0.000200843204156771,"NPZ2",115.389966784064,-33.5655579010632,"115 23.3980070438401","-33 33.933474063792"
"28",28,2,350670.00012302,6284835.00001984,98.1818181818182,0.000200843204156771,0.000200843204156771,"NPZ2",115.390077579693,-33.565572711386,"115 23.4046547815795","-33 33.9343626831598"
"29",29,2,350670.00012302,6284835.00001984,98.1818181818182,0.000200843204156771,0.000200843204156771,"NPZ2",115.390188375365,-33.5655875216105,"115 23.4113025218995","-33 33.9352512966303"
"30",30,2,350670.00012302,6284835.00001984,98.1818181818182,0.000200843204156771,0.000200843204156771,"NPZ2",115.390299171078,-33.5656023317369,"115 23.4179502646798","-33 33.9361399042139"
"31",31,2,350670.00012302,6284835.00001984,98.1818181818182,0.000200843204156771,0.000200843204156771,"NPZ2",115.390409966834,-33.5656171417652,"115 23.4245980100396","-33 33.9370285059122"
"32",32,2,350670.00012302,6284835.00001984,98.1818181818182,0.000200843204156771,0.000200843204156771,"NPZ2",115.390520762631,-33.5656319516954,"115 23.4312457578596","-33 33.937917101724"
"33",33,2,350670.00012302,6284835.00001984,98.1818181818182,0.000200843204156771,0.000200843204156771,"NPZ2",115.39063155847,-33.5656467615275,"115 23.4378935082001","-33 33.9388056916502"
"34",34,2,350670.00012302,6284835.00001984,98.1818181818182,0.000200843204156771,0.000200843204156771,"NPZ2",115.390742354352,-33.5656615712613,"115 23.4445412611201","-33 33.9396942756781"
"35",35,2,350670.00012302,6284835.00001984,98.1818181818182,0.000200843204156771,0.000200843204156771,"NPZ2",115.390853150275,-33.5656763808971,"115 23.4511890165003","-33 33.9405828538261"
"36",36,2,350670.00012302,6284835.00001984,98.1818181818182,0.000200843204156771,0.000200843204156771,"NPZ2",115.39096394624,-33.5656911904347,"115 23.4578367744","-33 33.941471426082"
"37",37,2,350670.00012302,6284835.00001984,98.1818181818182,0.000200843204156771,0.000200843204156771,"NPZ2",115.391074742247,-33.5657059998742,"115 23.4644845348201","-33 33.9423599924519"
"38",38,2,350670.00012302,6284835.00001984,98.1818181818182,0.000200843204156771,0.000200843204156771,"NPZ2",115.391185538296,-33.5657208092156,"115 23.4711322977596","-33 33.943248552936"
"39",39,2,350670.00012302,6284835.00001984,98.1818181818182,0.000200843204156771,0.000200843204156771,"NPZ2",115.391296334387,-33.5657356184588,"115 23.4777800632194","-33 33.944137107528"
"40",40,2,350670.00012302,6284835.00001984,98.1818181818182,0.000200843204156771,0.000200843204156771,"NPZ2",115.39140713052,-33.5657504276039,"115 23.4844278311997","-33 33.9450256562341"
"41",41,2,350670.00012302,6284835.00001984,98.1818181818182,0.000200843204156771,0.000200843204156771,"NPZ2",115.391517926694,-33.5657652366508,"115 23.4910756016393","-33 33.9459141990478"
"42",42,2,350670.00012302,6284835.00001984,98.1818181818182,0.000200843204156771,0.000200843204156771,"NPZ2",115.391628722911,-33.5657800455997,"115 23.4977233746594","-33 33.9468027359821"
"43",43,2,350670.00012302,6284835.00001984,98.1818181818182,0.000200843204156771,0.000200843204156771,"NPZ2",115.39173951917,-33.5657948544504,"115 23.5043711501998","-33 33.9476912670242"
"44",44,2,350670.00012302,6284835.00001984,98.1818181818182,0.000200843204156771,0.000200843204156771,"NPZ2",115.39185031547,-33.5658096632029,"115 23.5110189281996","-33 33.9485797921739"
"45",45,2,350670.00012302,6284835.00001984,98.1818181818182,0.000200843204156771,0.000200843204156771,"NPZ2",115.391961111813,-33.5658244718573,"115 23.5176667087799","-33 33.9494683114378"
"46",46,2,350670.00012302,6284835.00001984,98.1818181818182,0.000200843204156771,0.000200843204156771,"NPZ2",115.392071908197,-33.5658392804136,"115 23.5243144918194","-33 33.9503568248159"
"47",47,2,350670.00012302,6284835.00001984,98.1818181818182,0.000200843204156771,0.000200843204156771,"NPZ2",115.392182704624,-33.5658540888717,"115 23.5309622774405","-33 33.9512453323022"
"48",48,2,350670.00012302,6284835.00001984,98.1818181818182,0.000200843204156771,0.000200843204156771,"NPZ2",115.392293501092,-33.5658688972318,"115 23.5376100655199","-33 33.952133833908"
"49",49,2,350670.00012302,6284835.00001984,98.1818181818182,0.000200843204156771,0.000200843204156771,"NPZ2",115.392404297602,-33.5658837054936,"115 23.5442578561197","-33 33.9530223296157"
"50",50,2,350670.00012302,6284835.00001984,98.1818181818182,0.000200843204156771,0.000200843204156771,"NPZ2",115.392515094155,-33.5658985136573,"115 23.5509056493","-33 33.9539108194382"
"51",51,3,349420.00012302,6286785.00001984,261.818181818182,0.000200843204156771,0.000200843204156771,"NPZ3",115.379387240286,-33.5478210394098,"115 22.7632344171599","-33 32.8692623645877"
"52",52,3,349420.00012302,6286785.00001984,261.818181818182,0.000200843204156771,0.000200843204156771,"NPZ3",115.379275970243,-33.5478329515629,"115 22.7565582145801","-33 32.8699770937742"
"53",53,3,349420.00012302,6286785.00001984,261.818181818182,0.000200843204156771,0.000200843204156771,"NPZ3",115.379164700174,-33.5478448636152,"115 22.7498820104403","-33 32.8706918169119"
"54",54,3,349420.00012302,6286785.00001984,261.818181818182,0.000200843204156771,0.000200843204156771,"NPZ3",115.379053430079,-33.5478567755663,"115 22.7432058047397","-33 32.8714065339783"
"55",55,3,349420.00012302,6286785.00001984,261.818181818182,0.000200843204156771,0.000200843204156771,"NPZ3",115.378942159957,-33.5478686874165,"115 22.7365295974208","-33 32.8721212449903"
"56",56,3,349420.00012302,6286785.00001984,261.818181818182,0.000200843204156771,0.000200843204156771,"NPZ3",115.378830889809,-33.5478805991657,"115 22.72985338854","-33 32.872835949942"
"57",57,3,349420.00012302,6286785.00001984,261.818181818182,0.000200843204156771,0.000200843204156771,"NPZ3",115.378719619635,-33.5478925108139,"115 22.7231771781003","-33 32.8735506488343"
"58",58,3,349420.00012302,6286785.00001984,261.818181818182,0.000200843204156771,0.000200843204156771,"NPZ3",115.378608349434,-33.5479044223612,"115 22.7165009660404","-33 32.874265341672"
"59",59,3,349420.00012302,6286785.00001984,261.818181818182,0.000200843204156771,0.000200843204156771,"NPZ3",115.378497079207,-33.5479163338074,"115 22.7098247524196","-33 32.8749800284439"
"60",60,3,349420.00012302,6286785.00001984,261.818181818182,0.000200843204156771,0.000200843204156771,"NPZ3",115.378385808954,-33.5479282451527,"115 22.7031485372398","-33 32.8756947091618"
"61",61,3,349420.00012302,6286785.00001984,261.818181818182,0.000200843204156771,0.000200843204156771,"NPZ3",115.378274538674,-33.5479401563969,"115 22.6964723204408","-33 32.876409383814"
"62",62,3,349420.00012302,6286785.00001984,261.818181818182,0.000200843204156771,0.000200843204156771,"NPZ3",115.378163268368,-33.5479520675402,"115 22.6897961020799","-33 32.8771240524121"
"63",63,3,349420.00012302,6286785.00001984,261.818181818182,0.000200843204156771,0.000200843204156771,"NPZ3",115.378051998035,-33.5479639785826,"115 22.6831198821","-33 32.8778387149561"
"64",64,3,349420.00012302,6286785.00001984,261.818181818182,0.000200843204156771,0.000200843204156771,"NPZ3",115.377940727677,-33.5479758895239,"115 22.6764436606201","-33 32.8785533714339"
"65",65,3,349420.00012302,6286785.00001984,261.818181818182,0.000200843204156771,0.000200843204156771,"NPZ3",115.377829457291,-33.5479878003642,"115 22.6697674374601","-33 32.8792680218518"
"66",66,3,349420.00012302,6286785.00001984,261.818181818182,0.000200843204156771,0.000200843204156771,"NPZ3",115.37771818688,-33.5479997111036,"115 22.6630912128002","-33 32.879982666216"
"67",67,3,349420.00012302,6286785.00001984,261.818181818182,0.000200843204156771,0.000200843204156771,"NPZ3",115.377606916442,-33.5480116217419,"115 22.6564149865202","-33 32.8806973045139"
"68",68,3,349420.00012302,6286785.00001984,261.818181818182,0.000200843204156771,0.000200843204156771,"NPZ3",115.377495645978,-33.5480235322794,"115 22.6497387586802","-33 32.8814119367642"
"69",69,3,349420.00012302,6286785.00001984,261.818181818182,0.000200843204156771,0.000200843204156771,"NPZ3",115.377384375487,-33.5480354427157,"115 22.6430625292201","-33 32.882126562942"
"70",70,3,349420.00012302,6286785.00001984,261.818181818182,0.000200843204156771,0.000200843204156771,"NPZ3",115.37727310497,-33.5480473530511,"115 22.6363862982","-33 32.8828411830662"
"71",71,3,349420.00012302,6286785.00001984,261.818181818182,0.000200843204156771,0.000200843204156771,"NPZ3",115.377161834427,-33.5480592632856,"115 22.62971006562","-33 32.8835557971361"
"72",72,3,349420.00012302,6286785.00001984,261.818181818182,0.000200843204156771,0.000200843204156771,"NPZ3",115.377050563857,-33.548071173419,"115 22.6230338314199","-33 32.8842704051397"
"73",73,3,349420.00012302,6286785.00001984,261.818181818182,0.000200843204156771,0.000200843204156771,"NPZ3",115.376939293261,-33.5480830834515,"115 22.6163575956598","-33 32.88498500709"
"74",74,3,349420.00012302,6286785.00001984,261.818181818182,0.000200843204156771,0.000200843204156771,"NPZ3",115.376828022639,-33.548094993383,"115 22.6096813583397","-33 32.8856996029802"
"75",75,3,349420.00012302,6286785.00001984,261.818181818182,0.000200843204156771,0.000200843204156771,"NPZ3",115.37671675199,-33.5481069032134,"115 22.6030051194005","-33 32.8864141928042"
"76",76,4,350370.00012302,6287385.00001984,32.7272727272727,0.000200843204156771,0.000200843204156771,"NPZ4",115.387636428782,-33.5436266022959,"115 23.2581857269203","-33 32.6175961377541"
"77",77,4,350370.00012302,6287385.00001984,32.7272727272727,0.000200843204156771,0.000200843204156771,"NPZ4",115.387698533021,-33.5435483842641,"115 23.2619119812599","-33 32.612903055846"
"78",78,4,350370.00012302,6287385.00001984,32.7272727272727,0.000200843204156771,0.000200843204156771,"NPZ4",115.387760637147,-33.5434701661968,"115 23.2656382288202","-33 32.6082099718078"
"79",79,4,350370.00012302,6287385.00001984,32.7272727272727,0.000200843204156771,0.000200843204156771,"NPZ4",115.387822741159,-33.5433919480941,"115 23.2693644695401","-33 32.6035168856458"
"80",80,4,350370.00012302,6287385.00001984,32.7272727272727,0.000200843204156771,0.000200843204156771,"NPZ4",115.387884845058,-33.543313729956,"115 23.2730907034798","-33 32.5988237973598"
"81",81,4,350370.00012302,6287385.00001984,32.7272727272727,0.000200843204156771,0.000200843204156771,"NPZ4",115.387946948843,-33.5432355117823,"115 23.2768169305801","-33 32.594130706938"
"82",82,4,350370.00012302,6287385.00001984,32.7272727272727,0.000200843204156771,0.000200843204156771,"NPZ4",115.388009052514,-33.5431572935733,"115 23.2805431508391","-33 32.5894376143981"
"83",83,4,350370.00012302,6287385.00001984,32.7272727272727,0.000200843204156771,0.000200843204156771,"NPZ4",115.388071156072,-33.5430790753288,"115 23.2842693643198","-33 32.584744519728"
"84",84,4,350370.00012302,6287385.00001984,32.7272727272727,0.000200843204156771,0.000200843204156771,"NPZ4",115.388133259516,-33.5430008570489,"115 23.2879955709601","-33 32.580051422934"
"85",85,4,350370.00012302,6287385.00001984,32.7272727272727,0.000200843204156771,0.000200843204156771,"NPZ4",115.388195362846,-33.5429226387336,"115 23.2917217707601","-33 32.575358324016"
"86",86,4,350370.00012302,6287385.00001984,32.7272727272727,0.000200843204156771,0.000200843204156771,"NPZ4",115.388257466063,-33.5428444203827,"115 23.2954479637798","-33 32.570665222962"
"87",87,4,350370.00012302,6287385.00001984,32.7272727272727,0.000200843204156771,0.000200843204156771,"NPZ4",115.388319569166,-33.5427662019965,"115 23.2991741499602","-33 32.56597211979"
"88",88,4,350370.00012302,6287385.00001984,32.7272727272727,0.000200843204156771,0.000200843204156771,"NPZ4",115.388381672156,-33.5426879835748,"115 23.3029003293603","-33 32.5612790144881"
"89",89,4,350370.00012302,6287385.00001984,32.7272727272727,0.000200843204156771,0.000200843204156771,"NPZ4",115.388443775032,-33.5426097651176,"115 23.30662650192","-33 32.5565859070557"
"90",90,4,350370.00012302,6287385.00001984,32.7272727272727,0.000200843204156771,0.000200843204156771,"NPZ4",115.388505877794,-33.5425315466251,"115 23.3103526676404","-33 32.5518927975061"
"91",91,4,350370.00012302,6287385.00001984,32.7272727272727,0.000200843204156771,0.000200843204156771,"NPZ4",115.388567980443,-33.5424533280971,"115 23.3140788265805","-33 32.5471996858263"
"92",92,4,350370.00012302,6287385.00001984,32.7272727272727,0.000200843204156771,0.000200843204156771,"NPZ4",115.388630082978,-33.5423751095336,"115 23.3178049786802","-33 32.542506572016"
"93",93,4,350370.00012302,6287385.00001984,32.7272727272727,0.000200843204156771,0.000200843204156771,"NPZ4",115.3886921854,-33.5422968909347,"115 23.3215311239997","-33 32.537813456082"
"94",94,4,350370.00012302,6287385.00001984,32.7272727272727,0.000200843204156771,0.000200843204156771,"NPZ4",115.388754287708,-33.5422186723003,"115 23.3252572624799","-33 32.533120338018"
"95",95,4,350370.00012302,6287385.00001984,32.7272727272727,0.000200843204156771,0.000200843204156771,"NPZ4",115.388816389902,-33.5421404536305,"115 23.3289833941206","-33 32.5284272178302"
"96",96,4,350370.00012302,6287385.00001984,32.7272727272727,0.000200843204156771,0.000200843204156771,"NPZ4",115.388878491982,-33.5420622349253,"115 23.33270951892","-33 32.5237340955178"
"97",97,4,350370.00012302,6287385.00001984,32.7272727272727,0.000200843204156771,0.000200843204156771,"NPZ4",115.388940593949,-33.5419840161846,"115 23.3364356369401","-33 32.5190409710759"
"98",98,4,350370.00012302,6287385.00001984,32.7272727272727,0.000200843204156771,0.000200843204156771,"NPZ4",115.389002695803,-33.5419057974086,"115 23.34016174818","-33 32.5143478445161"
"99",99,4,350370.00012302,6287385.00001984,32.7272727272727,0.000200843204156771,0.000200843204156771,"NPZ4",115.389064797543,-33.541827578597,"115 23.3438878525795","-33 32.50965471582"
"100",100,4,350370.00012302,6287385.00001984,32.7272727272727,0.000200843204156771,0.000200843204156771,"NPZ4",115.389126899169,-33.54174935975,"115 23.3476139501397","-33 32.504961585"
"101",101,5,348470.00012302,6286335.00001984,327.272727272727,0.000200843204156771,0.000200843204156771,"NPZ5",115.368456407106,-33.5528443607412,"115 22.1073844263602","-33 33.1706616444719"
"102",102,5,348470.00012302,6286335.00001984,327.272727272727,0.000200843204156771,0.000200843204156771,"NPZ5",115.368397250111,-33.5527645544731,"115 22.1038350066597","-33 33.1658732683861"
"103",103,5,348470.00012302,6286335.00001984,327.272727272727,0.000200843204156771,0.000200843204156771,"NPZ5",115.368338093223,-33.5526847481788,"115 22.1002855933805","-33 33.1610848907279"
"104",104,5,348470.00012302,6286335.00001984,327.272727272727,0.000200843204156771,0.000200843204156771,"NPZ5",115.368278936441,-33.5526049418586,"115 22.0967361864605","-33 33.1562965115159"
"105",105,5,348470.00012302,6286335.00001984,327.272727272727,0.000200843204156771,0.000200843204156771,"NPZ5",115.368219779767,-33.5525251355125,"115 22.0931867860199","-33 33.1515081307497"
"106",106,5,348470.00012302,6286335.00001984,327.272727272727,0.000200843204156771,0.000200843204156771,"NPZ5",115.368160623199,-33.5524453291402,"115 22.0896373919405","-33 33.1467197484119"
"107",107,5,348470.00012302,6286335.00001984,327.272727272727,0.000200843204156771,0.000200843204156771,"NPZ5",115.368101466739,-33.5523655227421,"115 22.0860880043406","-33 33.141931364526"
"108",108,5,348470.00012302,6286335.00001984,327.272727272727,0.000200843204156771,0.000200843204156771,"NPZ5",115.368042310385,-33.5522857163179,"115 22.0825386230999","-33 33.1371429790738"
"109",109,5,348470.00012302,6286335.00001984,327.272727272727,0.000200843204156771,0.000200843204156771,"NPZ5",115.367983154138,-33.5522059098677,"115 22.0789892482804","-33 33.1323545920621"
"110",110,5,348470.00012302,6286335.00001984,327.272727272727,0.000200843204156771,0.000200843204156771,"NPZ5",115.367923997998,-33.5521261033916,"115 22.0754398798803","-33 33.1275662034961"
"111",111,5,348470.00012302,6286335.00001984,327.272727272727,0.000200843204156771,0.000200843204156771,"NPZ5",115.367864841965,-33.5520462968894,"115 22.0718905179005","-33 33.122777813364"
"112",112,5,348470.00012302,6286335.00001984,327.272727272727,0.000200843204156771,0.000200843204156771,"NPZ5",115.367805686039,-33.5519664903613,"115 22.06834116234","-33 33.1179894216781"
"113",113,5,348470.00012302,6286335.00001984,327.272727272727,0.000200843204156771,0.000200843204156771,"NPZ5",115.36774653022,-33.5518866838072,"115 22.0647918131998","-33 33.1132010284319"
"114",114,5,348470.00012302,6286335.00001984,327.272727272727,0.000200843204156771,0.000200843204156771,"NPZ5",115.367687374508,-33.551806877227,"115 22.0612424704799","-33 33.1084126336202"
"115",115,5,348470.00012302,6286335.00001984,327.272727272727,0.000200843204156771,0.000200843204156771,"NPZ5",115.367628218902,-33.5517270706209,"115 22.0576931341202","-33 33.1036242372538"
"116",116,5,348470.00012302,6286335.00001984,327.272727272727,0.000200843204156771,0.000200843204156771,"NPZ5",115.367569063404,-33.5516472639888,"115 22.05414380424","-33 33.0988358393278"
"117",117,5,348470.00012302,6286335.00001984,327.272727272727,0.000200843204156771,0.000200843204156771,"NPZ5",115.367509908012,-33.5515674573306,"115 22.0505944807199","-33 33.0940474398359"
"118",118,5,348470.00012302,6286335.00001984,327.272727272727,0.000200843204156771,0.000200843204156771,"NPZ5",115.367450752727,-33.5514876506466,"115 22.0470451636201","-33 33.089259038796"
"119",119,5,348470.00012302,6286335.00001984,327.272727272727,0.000200843204156771,0.000200843204156771,"NPZ5",115.36739159755,-33.5514078439364,"115 22.0434958529998","-33 33.0844706361842"
"120",120,5,348470.00012302,6286335.00001984,327.272727272727,0.000200843204156771,0.000200843204156771,"NPZ5",115.367332442479,-33.5513280372004,"115 22.0399465487397","-33 33.0796822320241"
"121",121,5,348470.00012302,6286335.00001984,327.272727272727,0.000200843204156771,0.000200843204156771,"NPZ5",115.367273287515,-33.5512482304383,"115 22.0363972508998","-33 33.0748938262979"
"122",122,5,348470.00012302,6286335.00001984,327.272727272727,0.000200843204156771,0.000200843204156771,"NPZ5",115.367214132658,-33.5511684236502,"115 22.0328479594803","-33 33.0701054190123"
"123",123,5,348470.00012302,6286335.00001984,327.272727272727,0.000200843204156771,0.000200843204156771,"NPZ5",115.367154977907,-33.5510886168362,"115 22.02929867442","-33 33.0653170101723"
"124",124,5,348470.00012302,6286335.00001984,327.272727272727,0.000200843204156771,0.000200843204156771,"NPZ5",115.367095823264,-33.5510088099962,"115 22.0257493958401","-33 33.0605285997718"
"125",125,5,348470.00012302,6286335.00001984,327.272727272727,0.000200843204156771,0.000200843204156771,"NPZ5",115.367036668728,-33.5509290031301,"115 22.0222001236805","-33 33.0557401878061"
"126",126,6,350970.00012302,6288235.00001984,65.4545454545455,0.000200843204156771,0.000200843204156771,"NPZ6",115.393750748211,-33.5355605775153,"115 23.6250448926604","-33 32.1336346509178"
"127",127,6,350970.00012302,6288235.00001984,65.4545454545455,0.000200843204156771,0.000200843204156771,"NPZ6",115.393853482445,-33.5355228863496,"115 23.6312089466994","-33 32.1313731809758"
"128",128,6,350970.00012302,6288235.00001984,65.4545454545455,0.000200843204156771,0.000200843204156771,"NPZ6",115.393956216593,-33.5354851950959,"115 23.6373729955803","-33 32.1291117057541"
"129",129,6,350970.00012302,6288235.00001984,65.4545454545455,0.000200843204156771,0.000200843204156771,"NPZ6",115.394058950655,-33.5354475037541,"115 23.6435370393","-33 32.126850225246"
"130",130,6,350970.00012302,6288235.00001984,65.4545454545455,0.000200843204156771,0.000200843204156771,"NPZ6",115.39416168463,-33.535409812324,"115 23.6497010778005","-33 32.1245887394398"
"131",131,6,350970.00012302,6288235.00001984,65.4545454545455,0.000200843204156771,0.000200843204156771,"NPZ6",115.394264418519,-33.5353721208059,"115 23.6558651111399","-33 32.1223272483541"
"132",132,6,350970.00012302,6288235.00001984,65.4545454545455,0.000200843204156771,0.000200843204156771,"NPZ6",115.394367152322,-33.5353344291996,"115 23.6620291393202","-33 32.1200657519762"
"133",133,6,350970.00012302,6288235.00001984,65.4545454545455,0.000200843204156771,0.000200843204156771,"NPZ6",115.394469886038,-33.5352967375051,"115 23.6681931622802","-33 32.1178042503059"
"134",134,6,350970.00012302,6288235.00001984,65.4545454545455,0.000200843204156771,0.000200843204156771,"NPZ6",115.394572619668,-33.5352590457226,"115 23.6743571800801","-33 32.1155427433558"
"135",135,6,350970.00012302,6288235.00001984,65.4545454545455,0.000200843204156771,0.000200843204156771,"NPZ6",115.394675353212,-33.5352213538519,"115 23.6805211927198","-33 32.113281231114"
"136",136,6,350970.00012302,6288235.00001984,65.4545454545455,0.000200843204156771,0.000200843204156771,"NPZ6",115.394778086669,-33.535183661893,"115 23.6866852001403","-33 32.11101971358"
"137",137,6,350970.00012302,6288235.00001984,65.4545454545455,0.000200843204156771,0.000200843204156771,"NPZ6",115.394880820041,-33.5351459698462,"115 23.6928492024599","-33 32.1087581907719"
"138",138,6,350970.00012302,6288235.00001984,65.4545454545455,0.000200843204156771,0.000200843204156771,"NPZ6",115.394983553326,-33.5351082777111,"115 23.6990131995602","-33 32.1064966626662"
"139",139,6,350970.00012302,6288235.00001984,65.4545454545455,0.000200843204156771,0.000200843204156771,"NPZ6",115.395086286524,-33.5350705854878,"115 23.7051771914402","-33 32.1042351292682"
"140",140,6,350970.00012302,6288235.00001984,65.4545454545455,0.000200843204156771,0.000200843204156771,"NPZ6",115.395189019636,-33.5350328931765,"115 23.7113411781601","-33 32.10197359059"
"141",141,6,350970.00012302,6288235.00001984,65.4545454545455,0.000200843204156771,0.000200843204156771,"NPZ6",115.395291752662,-33.5349952007769,"115 23.7175051597199","-33 32.0997120466139"
"142",142,6,350970.00012302,6288235.00001984,65.4545454545455,0.000200843204156771,0.000200843204156771,"NPZ6",115.395394485602,-33.5349575082893,"115 23.7236691361196","-33 32.0974504973582"
"143",143,6,350970.00012302,6288235.00001984,65.4545454545455,0.000200843204156771,0.000200843204156771,"NPZ6",115.395497218455,-33.5349198157136,"115 23.7298331073","-33 32.095188942816"
"144",144,6,350970.00012302,6288235.00001984,65.4545454545455,0.000200843204156771,0.000200843204156771,"NPZ6",115.395599951223,-33.5348821230497,"115 23.7359970733805","-33 32.092927382982"
"145",145,6,350970.00012302,6288235.00001984,65.4545454545455,0.000200843204156771,0.000200843204156771,"NPZ6",115.395702683903,-33.5348444302976,"115 23.7421610341795","-33 32.0906658178562"
"146",146,6,350970.00012302,6288235.00001984,65.4545454545455,0.000200843204156771,0.000200843204156771,"NPZ6",115.395805416498,-33.5348067374576,"115 23.7483249898806","-33 32.088404247456"
"147",147,6,350970.00012302,6288235.00001984,65.4545454545455,0.000200843204156771,0.000200843204156771,"NPZ6",115.395908149006,-33.5347690445293,"115 23.7544889403604","-33 32.086142671758"
"148",148,6,350970.00012302,6288235.00001984,65.4545454545455,0.000200843204156771,0.000200843204156771,"NPZ6",115.396010881428,-33.5347313515129,"115 23.7606528856801","-33 32.0838810907742"
"149",149,6,350970.00012302,6288235.00001984,65.4545454545455,0.000200843204156771,0.000200843204156771,"NPZ6",115.396113613763,-33.5346936584083,"115 23.7668168257806","-33 32.0816195044982"
"150",150,6,350970.00012302,6288235.00001984,65.4545454545455,0.000200843204156771,0.000200843204156771,"NPZ6",115.396216346012,-33.5346559652157,"115 23.7729807607199","-33 32.079357912942"
"151",151,7,349720.00012302,6285085.00001984,130.909090909091,0.000200843204156771,0.000200843204156771,"NPZ7",115.379992697096,-33.562582055648,"115 22.7995618257604","-33 33.7549233388801"
"152",152,7,349720.00012302,6285085.00001984,130.909090909091,0.000200843204156771,0.000200843204156771,"NPZ7",115.380076329416,-33.5626446673497,"115 22.8045797649596","-33 33.758680040982"
"153",153,7,349720.00012302,6285085.00001984,130.909090909091,0.000200843204156771,0.000200843204156771,"NPZ7",115.380159961856,-33.5627072789978,"115 22.8095977113602","-33 33.762436739868"
"154",154,7,349720.00012302,6285085.00001984,130.909090909091,0.000200843204156771,0.000200843204156771,"NPZ7",115.380243594418,-33.5627698905924,"115 22.8146156650803","-33 33.7661934355439"
"155",155,7,349720.00012302,6285085.00001984,130.909090909091,0.000200843204156771,0.000200843204156771,"NPZ7",115.380327227101,-33.5628325021335,"115 22.8196336260599","-33 33.7699501280103"
"156",156,7,349720.00012302,6285085.00001984,130.909090909091,0.000200843204156771,0.000200843204156771,"NPZ7",115.380410859905,-33.562895113621,"115 22.8246515942999","-33 33.7737068172602"
"157",157,7,349720.00012302,6285085.00001984,130.909090909091,0.000200843204156771,0.000200843204156771,"NPZ7",115.38049449283,-33.5629577250549,"115 22.8296695697994","-33 33.777463503294"
"158",158,7,349720.00012302,6285085.00001984,130.909090909091,0.000200843204156771,0.000200843204156771,"NPZ7",115.380578125877,-33.5630203364354,"115 22.8346875526195","-33 33.7812201861241"
"159",159,7,349720.00012302,6285085.00001984,130.909090909091,0.000200843204156771,0.000200843204156771,"NPZ7",115.380661759045,-33.5630829477623,"115 22.8397055427001","-33 33.7849768657378"
"160",160,7,349720.00012302,6285085.00001984,130.909090909091,0.000200843204156771,0.000200843204156771,"NPZ7",115.380745392334,-33.5631455590357,"115 22.84472354004","-33 33.7887335421423"
"161",161,7,349720.00012302,6285085.00001984,130.909090909091,0.000200843204156771,0.000200843204156771,"NPZ7",115.380829025745,-33.5632081702555,"115 22.8497415446996","-33 33.7924902153301"
"162",162,7,349720.00012302,6285085.00001984,130.909090909091,0.000200843204156771,0.000200843204156771,"NPZ7",115.380912659277,-33.5632707814218,"115 22.8547595566197","-33 33.796246885308"
"163",163,7,349720.00012302,6285085.00001984,130.909090909091,0.000200843204156771,0.000200843204156771,"NPZ7",115.38099629293,-33.5633333925346,"115 22.8597775758002","-33 33.8000035520762"
"164",164,7,349720.00012302,6285085.00001984,130.909090909091,0.000200843204156771,0.000200843204156771,"NPZ7",115.381079926704,-33.5633960035937,"115 22.8647956022401","-33 33.8037602156221"
"165",165,7,349720.00012302,6285085.00001984,130.909090909091,0.000200843204156771,0.000200843204156771,"NPZ7",115.381163560599,-33.5634586145994,"115 22.8698136359405","-33 33.807516875964"
"166",166,7,349720.00012302,6285085.00001984,130.909090909091,0.000200843204156771,0.000200843204156771,"NPZ7",115.381247194616,-33.5635212255515,"115 22.8748316769595","-33 33.8112735330898"
"167",167,7,349720.00012302,6285085.00001984,130.909090909091,0.000200843204156771,0.000200843204156771,"NPZ7",115.381330828754,-33.5635838364501,"115 22.8798497252399","-33 33.8150301870061"
"168",168,7,349720.00012302,6285085.00001984,130.909090909091,0.000200843204156771,0.000200843204156771,"NPZ7",115.381414463013,-33.5636464472951,"115 22.8848677807798","-33 33.818786837706"
"169",169,7,349720.00012302,6285085.00001984,130.909090909091,0.000200843204156771,0.000200843204156771,"NPZ7",115.381498097394,-33.5637090580867,"115 22.8898858436403","-33 33.8225434852019"
"170",170,7,349720.00012302,6285085.00001984,130.909090909091,0.000200843204156771,0.000200843204156771,"NPZ7",115.381581731896,-33.5637716688246,"115 22.8949039137602","-33 33.8263001294761"
"171",171,7,349720.00012302,6285085.00001984,130.909090909091,0.000200843204156771,0.000200843204156771,"NPZ7",115.381665366519,-33.563834279509,"115 22.8999219911406","-33 33.8300567705403"
"172",172,7,349720.00012302,6285085.00001984,130.909090909091,0.000200843204156771,0.000200843204156771,"NPZ7",115.381749001263,-33.5638968901398,"115 22.9049400757804","-33 33.833813408388"
"173",173,7,349720.00012302,6285085.00001984,130.909090909091,0.000200843204156771,0.000200843204156771,"NPZ7",115.381832636129,-33.5639595007172,"115 22.9099581677399","-33 33.8375700430321"
"174",174,7,349720.00012302,6285085.00001984,130.909090909091,0.000200843204156771,0.000200843204156771,"NPZ7",115.381916271116,-33.5640221112409,"115 22.9149762669598","-33 33.8413266744542"
"175",175,7,349720.00012302,6285085.00001984,130.909090909091,0.000200843204156771,0.000200843204156771,"NPZ7",115.381999906224,-33.5640847217112,"115 22.9199943734401","-33 33.8450833026717"
"176",176,8,349870.00012302,6285685.00001984,0,0.000200843204156771,0.000200843204156771,"NPZ8",115.382691566341,-33.5590719349266,"115 22.9614939804596","-33 33.5443160955959"
"177",177,8,349870.00012302,6285685.00001984,0,0.000200843204156771,0.000200843204156771,"NPZ8",115.382693317211,-33.5589780186646,"115 22.9615990326594","-33 33.5386811198759"
"178",178,8,349870.00012302,6285685.00001984,0,0.000200843204156771,0.000200843204156771,"NPZ8",115.382695068074,-33.5588841024011,"115 22.9617040844401","-33 33.5330461440661"
"179",179,8,349870.00012302,6285685.00001984,0,0.000200843204156771,0.000200843204156771,"NPZ8",115.382696818928,-33.5587901861362,"115 22.9618091356795","-33 33.527411168172"
"180",180,8,349870.00012302,6285685.00001984,0,0.000200843204156771,0.000200843204156771,"NPZ8",115.382698569775,-33.5586962698696,"115 22.9619141864998","-33 33.5217761921759"
"181",181,8,349870.00012302,6285685.00001984,0,0.000200843204156771,0.000200843204156771,"NPZ8",115.382700320613,-33.5586023536016,"115 22.9620192367797","-33 33.516141216096"
"182",182,8,349870.00012302,6285685.00001984,0,0.000200843204156771,0.000200843204156771,"NPZ8",115.382702071443,-33.5585084373322,"115 22.9621242865804","-33 33.5105062399321"
"183",183,8,349870.00012302,6285685.00001984,0,0.000200843204156771,0.000200843204156771,"NPZ8",115.382703822265,-33.5584145210611,"115 22.9622293358999","-33 33.5048712636662"
"184",184,8,349870.00012302,6285685.00001984,0,0.000200843204156771,0.000200843204156771,"NPZ8",115.382705573079,-33.5583206047885,"115 22.9623343847401","-33 33.49923628731"
"185",185,8,349870.00012302,6285685.00001984,0,0.000200843204156771,0.000200843204156771,"NPZ8",115.382707323885,-33.5582266885146,"115 22.9624394331001","-33 33.493601310876"
"186",186,8,349870.00012302,6285685.00001984,0,0.000200843204156771,0.000200843204156771,"NPZ8",115.382709074682,-33.558132772239,"115 22.9625444809198","-33 33.4879663343398"
"187",187,8,349870.00012302,6285685.00001984,0,0.000200843204156771,0.000200843204156771,"NPZ8",115.382710825472,-33.5580388559619,"115 22.9626495283204","-33 33.4823313577137"
"188",188,8,349870.00012302,6285685.00001984,0,0.000200843204156771,0.000200843204156771,"NPZ8",115.382712576253,-33.5579449396834,"115 22.9627545751796","-33 33.4766963810041"
"189",189,8,349870.00012302,6285685.00001984,0,0.000200843204156771,0.000200843204156771,"NPZ8",115.382714327027,-33.5578510234033,"115 22.9628596216198","-33 33.4710614041981"
"190",190,8,349870.00012302,6285685.00001984,0,0.000200843204156771,0.000200843204156771,"NPZ8",115.382716077792,-33.5577571071217,"115 22.9629646675196","-33 33.4654264273023"
"191",191,8,349870.00012302,6285685.00001984,0,0.000200843204156771,0.000200843204156771,"NPZ8",115.382717828549,-33.5576631908387,"115 22.9630697129401","-33 33.4597914503223"
"192",192,8,349870.00012302,6285685.00001984,0,0.000200843204156771,0.000200843204156771,"NPZ8",115.382719579298,-33.557569274554,"115 22.9631747578795","-33 33.45415647324"
"193",193,8,349870.00012302,6285685.00001984,0,0.000200843204156771,0.000200843204156771,"NPZ8",115.382721330039,-33.5574753582679,"115 22.9632798023405","-33 33.448521496074"
"194",194,8,349870.00012302,6285685.00001984,0,0.000200843204156771,0.000200843204156771,"NPZ8",115.382723080772,-33.5573814419804,"115 22.9633848463195","-33 33.4428865188238"
"195",195,8,349870.00012302,6285685.00001984,0,0.000200843204156771,0.000200843204156771,"NPZ8",115.382724831496,-33.5572875256912,"115 22.96348988976","-33 33.437251541472"
"196",196,8,349870.00012302,6285685.00001984,0,0.000200843204156771,0.000200843204156771,"NPZ8",115.382726582213,-33.5571936094006,"115 22.9635949327795","-33 33.4316165640358"
"197",197,8,349870.00012302,6285685.00001984,0,0.000200843204156771,0.000200843204156771,"NPZ8",115.382728332921,-33.5570996931085,"115 22.9636999752605","-33 33.4259815865099"
"198",198,8,349870.00012302,6285685.00001984,0,0.000200843204156771,0.000200843204156771,"NPZ8",115.382730083621,-33.5570057768148,"115 22.9638050172594","-33 33.420346608888"
"199",199,8,349870.00012302,6285685.00001984,0,0.000200843204156771,0.000200843204156771,"NPZ8",115.382731834313,-33.5569118605197,"115 22.9639100587801","-33 33.4147116311819"
"200",200,8,349870.00012302,6285685.00001984,0,0.000200843204156771,0.000200843204156771,"NPZ8",115.382733584997,-33.556817944223,"115 22.9640150998195","-33 33.4090766533799"
"201",201,9,348570.00012302,6287635.00001984,98.1818181818182,6.83939357165877e-05,6.83939357165877e-05,"NPZ9",115.367714484681,-33.5400022405954,"115 22.0628690808604","-33 32.4001344357239"
"202",202,9,348570.00012302,6287635.00001984,98.1818181818182,6.83939357165877e-05,6.83939357165877e-05,"NPZ9",115.367825243211,-33.5400170698088,"115 22.0695145926603","-33 32.4010241885279"
"203",203,9,348570.00012302,6287635.00001984,98.1818181818182,6.83939357165877e-05,6.83939357165877e-05,"NPZ9",115.367936001782,-33.5400318989242,"115 22.0761601069195","-33 32.401913935452"
"204",204,9,348570.00012302,6287635.00001984,98.1818181818182,6.83939357165877e-05,6.83939357165877e-05,"NPZ9",115.368046760396,-33.5400467279415,"115 22.0828056237602","-33 32.4028036764901"
"205",205,9,348570.00012302,6287635.00001984,98.1818181818182,6.83939357165877e-05,6.83939357165877e-05,"NPZ9",115.368157519052,-33.5400615568608,"115 22.0894511431203","-33 32.4036934116479"
"206",206,9,348570.00012302,6287635.00001984,98.1818181818182,6.83939357165877e-05,6.83939357165877e-05,"NPZ9",115.36826827775,-33.5400763856821,"115 22.0960966649999","-33 32.4045831409259"
"207",207,9,348570.00012302,6287635.00001984,98.1818181818182,6.83939357165877e-05,6.83939357165877e-05,"NPZ9",115.36837903649,-33.5400912144053,"115 22.1027421893998","-33 32.405472864318"
"208",208,9,348570.00012302,6287635.00001984,98.1818181818182,6.83939357165877e-05,6.83939357165877e-05,"NPZ9",115.368489795271,-33.5401060430307,"115 22.10938771626","-33 32.4063625818419"
"209",209,9,348570.00012302,6287635.00001984,98.1818181818182,6.83939357165877e-05,6.83939357165877e-05,"NPZ9",115.368600554095,-33.5401208715579,"115 22.1160332456998","-33 32.4072522934742"
"210",210,9,348570.00012302,6287635.00001984,98.1818181818182,6.83939357165877e-05,6.83939357165877e-05,"NPZ9",115.368711312961,-33.5401356999871,"115 22.1226787776599","-33 32.4081419992258"
"211",211,9,348570.00012302,6287635.00001984,98.1818181818182,6.83939357165877e-05,6.83939357165877e-05,"NPZ9",115.368822071869,-33.5401505283183,"115 22.1293243121404","-33 32.409031699098"
"212",212,9,348570.00012302,6287635.00001984,98.1818181818182,6.83939357165877e-05,6.83939357165877e-05,"NPZ9",115.368932830819,-33.5401653565515,"115 22.1359698491404","-33 32.4099213930899"
"213",213,9,348570.00012302,6287635.00001984,98.1818181818182,6.83939357165877e-05,6.83939357165877e-05,"NPZ9",115.36904358981,-33.5401801846868,"115 22.1426153886006","-33 32.4108110812078"
"214",214,9,348570.00012302,6287635.00001984,98.1818181818182,6.83939357165877e-05,6.83939357165877e-05,"NPZ9",115.369154348844,-33.5401950127239,"115 22.1492609306404","-33 32.4117007634341"
"215",215,9,348570.00012302,6287635.00001984,98.1818181818182,6.83939357165877e-05,6.83939357165877e-05,"NPZ9",115.36926510792,-33.5402098406631,"115 22.1559064751995","-33 32.4125904397862"
"216",216,9,348570.00012302,6287635.00001984,98.1818181818182,6.83939357165877e-05,6.83939357165877e-05,"NPZ9",115.369375867038,-33.5402246685042,"115 22.1625520222801","-33 32.4134801102521"
"217",217,9,348570.00012302,6287635.00001984,98.1818181818182,6.83939357165877e-05,6.83939357165877e-05,"NPZ9",115.369486626197,-33.5402394962473,"115 22.1691975718199","-33 32.4143697748383"
"218",218,9,348570.00012302,6287635.00001984,98.1818181818182,6.83939357165877e-05,6.83939357165877e-05,"NPZ9",115.369597385399,-33.5402543238925,"115 22.1758431239403","-33 32.4152594335498"
"219",219,9,348570.00012302,6287635.00001984,98.1818181818182,6.83939357165877e-05,6.83939357165877e-05,"NPZ9",115.369708144643,-33.5402691514396,"115 22.1824886785801","-33 32.4161490863761"
"220",220,9,348570.00012302,6287635.00001984,98.1818181818182,6.83939357165877e-05,6.83939357165877e-05,"NPZ9",115.369818903928,-33.5402839788886,"115 22.1891342356801","-33 32.4170387333162"
"221",221,9,348570.00012302,6287635.00001984,98.1818181818182,6.83939357165877e-05,6.83939357165877e-05,"NPZ9",115.369929663256,-33.5402988062396,"115 22.1957797953597","-33 32.4179283743758"
"222",222,9,348570.00012302,6287635.00001984,98.1818181818182,6.83939357165877e-05,6.83939357165877e-05,"NPZ9",115.370040422626,-33.5403136334927,"115 22.2024253575607","-33 32.418818009562"
"223",223,9,348570.00012302,6287635.00001984,98.1818181818182,6.83939357165877e-05,6.83939357165877e-05,"NPZ9",115.370151182038,-33.5403284606478,"115 22.2090709222801","-33 32.4197076388681"
"224",224,9,348570.00012302,6287635.00001984,98.1818181818182,6.83939357165877e-05,6.83939357165877e-05,"NPZ9",115.370261941491,-33.5403432877048,"115 22.2157164894597","-33 32.4205972622881"
"225",225,9,348570.00012302,6287635.00001984,98.1818181818182,6.83939357165877e-05,6.83939357165877e-05,"NPZ9",115.370372700987,-33.5403581146637,"115 22.2223620592199","-33 32.4214868798219"
"226",226,1,334370.00012302,6281385.00001984,98.1818181818182,0.000250051255706042,0.000250051255706042,"HPZ1",115.213677403966,-33.5942369295773,"115 12.8206442379606","-33 35.6542157746378"
"227",227,1,334370.00012302,6281385.00001984,98.1818181818182,0.000250051255706042,0.000250051255706042,"HPZ1",115.213788198709,-33.5942518979501,"115 12.82729192254","-33 35.6551138770061"
"228",228,1,334370.00012302,6281385.00001984,98.1818181818182,0.000250051255706042,0.000250051255706042,"HPZ1",115.213898993494,-33.5942668662249,"115 12.8339396096397","-33 35.6560119734939"
"229",229,1,334370.00012302,6281385.00001984,98.1818181818182,0.000250051255706042,0.000250051255706042,"HPZ1",115.214009788321,-33.5942818344016,"115 12.8405872992599","-33 35.6569100640959"
"230",230,1,334370.00012302,6281385.00001984,98.1818181818182,0.000250051255706042,0.000250051255706042,"HPZ1",115.214120583192,-33.5942968024803,"115 12.8472349915198","-33 35.657808148818"
"231",231,1,334370.00012302,6281385.00001984,98.1818181818182,0.000250051255706042,0.000250051255706042,"HPZ1",115.214231378106,-33.5943117704608,"115 12.8538826863602","-33 35.658706227648"
"232",232,1,334370.00012302,6281385.00001984,98.1818181818182,0.000250051255706042,0.000250051255706042,"HPZ1",115.214342173062,-33.5943267383433,"115 12.86053038372","-33 35.6596043005979"
"233",233,1,334370.00012302,6281385.00001984,98.1818181818182,0.000250051255706042,0.000250051255706042,"HPZ1",115.214452968061,-33.5943417061279,"115 12.8671780836594","-33 35.6605023676741"
"234",234,1,334370.00012302,6281385.00001984,98.1818181818182,0.000250051255706042,0.000250051255706042,"HPZ1",115.214563763103,-33.5943566738143,"115 12.8738257861803","-33 35.6614004288582"
"235",235,1,334370.00012302,6281385.00001984,98.1818181818182,0.000250051255706042,0.000250051255706042,"HPZ1",115.214674558188,-33.5943716414027,"115 12.8804734912798","-33 35.6622984841621"
"236",236,1,334370.00012302,6281385.00001984,98.1818181818182,0.000250051255706042,0.000250051255706042,"HPZ1",115.214785353316,-33.594386608893,"115 12.8871211989598","-33 35.6631965335798"
"237",237,1,334370.00012302,6281385.00001984,98.1818181818182,0.000250051255706042,0.000250051255706042,"HPZ1",115.214896148486,-33.5944015762853,"115 12.8937689091603","-33 35.664094577118"
"238",238,1,334370.00012302,6281385.00001984,98.1818181818182,0.000250051255706042,0.000250051255706042,"HPZ1",115.215006943699,-33.5944165435795,"115 12.9004166219393","-33 35.66499261477"
"239",239,1,334370.00012302,6281385.00001984,98.1818181818182,0.000250051255706042,0.000250051255706042,"HPZ1",115.215117738956,-33.5944315107757,"115 12.90706433736","-33 35.6658906465421"
"240",240,1,334370.00012302,6281385.00001984,98.1818181818182,0.000250051255706042,0.000250051255706042,"HPZ1",115.215228534255,-33.5944464778738,"115 12.9137120553001","-33 35.6667886724281"
"241",241,1,334370.00012302,6281385.00001984,98.1818181818182,0.000250051255706042,0.000250051255706042,"HPZ1",115.215339329596,-33.5944614448739,"115 12.9203597757606","-33 35.6676866924339"
"242",242,1,334370.00012302,6281385.00001984,98.1818181818182,0.000250051255706042,0.000250051255706042,"HPZ1",115.215450124981,-33.5944764117758,"115 12.9270074988599","-33 35.6685847065482"
"243",243,1,334370.00012302,6281385.00001984,98.1818181818182,0.000250051255706042,0.000250051255706042,"HPZ1",115.215560920409,-33.5944913785799,"115 12.9336552245407","-33 35.6694827147941"
"244",244,1,334370.00012302,6281385.00001984,98.1818181818182,0.000250051255706042,0.000250051255706042,"HPZ1",115.215671715879,-33.5945063452858,"115 12.9403029527399","-33 35.670380717148"
"245",245,1,334370.00012302,6281385.00001984,98.1818181818182,0.000250051255706042,0.000250051255706042,"HPZ1",115.215782511392,-33.5945213118936,"115 12.9469506835206","-33 35.6712787136161"
"246",246,1,334370.00012302,6281385.00001984,98.1818181818182,0.000250051255706042,0.000250051255706042,"HPZ1",115.215893306948,-33.5945362784034,"115 12.9535984168799","-33 35.6721767042041"
"247",247,1,334370.00012302,6281385.00001984,98.1818181818182,0.000250051255706042,0.000250051255706042,"HPZ1",115.216004102547,-33.5945512448151,"115 12.9602461528198","-33 35.673074688906"
"248",248,1,334370.00012302,6281385.00001984,98.1818181818182,0.000250051255706042,0.000250051255706042,"HPZ1",115.216114898188,-33.5945662111288,"115 12.9668938912801","-33 35.673972667728"
"249",249,1,334370.00012302,6281385.00001984,98.1818181818182,0.000250051255706042,0.000250051255706042,"HPZ1",115.216225693873,-33.5945811773445,"115 12.97354163238","-33 35.67487064067"
"250",250,1,334370.00012302,6281385.00001984,98.1818181818182,0.000250051255706042,0.000250051255706042,"HPZ1",115.2163364896,-33.594596143462,"115 12.9801893759994","-33 35.67576860772"
"251",251,2,333870.00012302,6284585.00001984,130.909090909091,0.000157485648918454,0.000157485648918454,"HPZ2",115.209214444243,-33.5647376429829,"115 12.5528666545802","-33 33.8842585789738"
"252",252,2,333870.00012302,6284585.00001984,130.909090909091,0.000157485648918454,0.000157485648918454,"HPZ2",115.209297949966,-33.5648003662115,"115 12.5578769979601","-33 33.8880219726901"
"253",253,2,333870.00012302,6284585.00001984,130.909090909091,0.000157485648918454,0.000157485648918454,"HPZ2",115.209381455811,-33.5648630893871,"115 12.5628873486596","-33 33.8917853632263"
"254",254,2,333870.00012302,6284585.00001984,130.909090909091,0.000157485648918454,0.000157485648918454,"HPZ2",115.209464961777,-33.5649258125098,"115 12.5678977066205","-33 33.895548750588"
"255",255,2,333870.00012302,6284585.00001984,130.909090909091,0.000157485648918454,0.000157485648918454,"HPZ2",115.209548467864,-33.5649885355794,"115 12.5729080718399","-33 33.8993121347642"
"256",256,2,333870.00012302,6284585.00001984,130.909090909091,0.000157485648918454,0.000157485648918454,"HPZ2",115.209631974072,-33.565051258596,"115 12.5779184443197","-33 33.9030755157599"
"257",257,2,333870.00012302,6284585.00001984,130.909090909091,0.000157485648918454,0.000157485648918454,"HPZ2",115.209715480402,-33.5651139815596,"115 12.5829288241201","-33 33.9068388935758"
"258",258,2,333870.00012302,6284585.00001984,130.909090909091,0.000157485648918454,0.000157485648918454,"HPZ2",115.209798986853,-33.5651767044703,"115 12.58793921118","-33 33.9106022682182"
"259",259,2,333870.00012302,6284585.00001984,130.909090909091,0.000157485648918454,0.000157485648918454,"HPZ2",115.209882493426,-33.565239427328,"115 12.5929496055595","-33 33.9143656396802"
"260",260,2,333870.00012302,6284585.00001984,130.909090909091,0.000157485648918454,0.000157485648918454,"HPZ2",115.20996600012,-33.5653021501326,"115 12.5979600072004","-33 33.9181290079561"
"261",261,2,333870.00012302,6284585.00001984,130.909090909091,0.000157485648918454,0.000157485648918454,"HPZ2",115.210049506935,-33.5653648728844,"115 12.6029704160998","-33 33.921892373064"
"262",262,2,333870.00012302,6284585.00001984,130.909090909091,0.000157485648918454,0.000157485648918454,"HPZ2",115.210133013872,-33.565427595583,"115 12.6079808323198","-33 33.9256557349802"
"263",263,2,333870.00012302,6284585.00001984,130.909090909091,0.000157485648918454,0.000157485648918454,"HPZ2",115.21021652093,-33.5654903182287,"115 12.6129912558002","-33 33.9294190937219"
"264",264,2,333870.00012302,6284585.00001984,130.909090909091,0.000157485648918454,0.000157485648918454,"HPZ2",115.210300028109,-33.5655530408214,"115 12.6180016865401","-33 33.933182449284"
"265",265,2,333870.00012302,6284585.00001984,130.909090909091,0.000157485648918454,0.000157485648918454,"HPZ2",115.21038353541,-33.5656157633611,"115 12.6230121246005","-33 33.9369458016661"
"266",266,2,333870.00012302,6284585.00001984,130.909090909091,0.000157485648918454,0.000157485648918454,"HPZ2",115.210467042832,-33.5656784858478,"115 12.6280225699195","-33 33.9407091508678"
"267",267,2,333870.00012302,6284585.00001984,130.909090909091,0.000157485648918454,0.000157485648918454,"HPZ2",115.210550550375,-33.5657412082815,"115 12.6330330224999","-33 33.9444724968901"
"268",268,2,333870.00012302,6284585.00001984,130.909090909091,0.000157485648918454,0.000157485648918454,"HPZ2",115.21063405804,-33.5658039306623,"115 12.6380434823999","-33 33.948235839738"
"269",269,2,333870.00012302,6284585.00001984,130.909090909091,0.000157485648918454,0.000157485648918454,"HPZ2",115.210717565826,-33.56586665299,"115 12.6430539495603","-33 33.9519991794002"
"270",270,2,333870.00012302,6284585.00001984,130.909090909091,0.000157485648918454,0.000157485648918454,"HPZ2",115.210801073734,-33.5659293752648,"115 12.6480644240403","-33 33.9557625158882"
"271",271,2,333870.00012302,6284585.00001984,130.909090909091,0.000157485648918454,0.000157485648918454,"HPZ2",115.210884581762,-33.5659920974865,"115 12.6530749057206","-33 33.95952584919"
"272",272,2,333870.00012302,6284585.00001984,130.909090909091,0.000157485648918454,0.000157485648918454,"HPZ2",115.210968089912,-33.5660548196551,"115 12.6580853947196","-33 33.9632891793061"
"273",273,2,333870.00012302,6284585.00001984,130.909090909091,0.000157485648918454,0.000157485648918454,"HPZ2",115.211051598184,-33.5661175417709,"115 12.6630958910401","-33 33.9670525062541"
"274",274,2,333870.00012302,6284585.00001984,130.909090909091,0.000157485648918454,0.000157485648918454,"HPZ2",115.211135106577,-33.5661802638336,"115 12.6681063946201","-33 33.9708158300161"
"275",275,2,333870.00012302,6284585.00001984,130.909090909091,0.000157485648918454,0.000157485648918454,"HPZ2",115.211218615091,-33.5662429858434,"115 12.6731169054595","-33 33.9745791506042"
"276",276,3,335070.00012302,6283235.00001984,32.7272727272727,0.000157485648918454,0.000157485648918454,"HPZ3",115.222142407524,-33.5787846099193,"115 13.3285444514399","-33 34.7270765951582"
"277",277,3,335070.00012302,6283235.00001984,32.7272727272727,0.000157485648918454,0.000157485648918454,"HPZ3",115.222204683876,-33.5787064809497,"115 13.3322810325597","-33 34.722388856982"
"278",278,3,335070.00012302,6283235.00001984,32.7272727272727,0.000157485648918454,0.000157485648918454,"HPZ3",115.222266960115,-33.5786283519441,"115 13.3360176068993","-33 34.7177011166459"
"279",279,3,335070.00012302,6283235.00001984,32.7272727272727,0.000157485648918454,0.000157485648918454,"HPZ3",115.222329236239,-33.5785502229026,"115 13.3397541743402","-33 34.7130133741559"
"280",280,3,335070.00012302,6283235.00001984,32.7272727272727,0.000157485648918454,0.000157485648918454,"HPZ3",115.222391512249,-33.5784720938251,"115 13.3434907349399","-33 34.708325629506"
"281",281,3,335070.00012302,6283235.00001984,32.7272727272727,0.000157485648918454,0.000157485648918454,"HPZ3",115.222453788145,-33.5783939647115,"115 13.3472272887001","-33 34.7036378826902"
"282",282,3,335070.00012302,6283235.00001984,32.7272727272727,0.000157485648918454,0.000157485648918454,"HPZ3",115.222516063927,-33.5783158355621,"115 13.35096383562","-33 34.6989501337261"
"283",283,3,335070.00012302,6283235.00001984,32.7272727272727,0.000157485648918454,0.000157485648918454,"HPZ3",115.222578339594,-33.5782377063766,"115 13.3547003756394","-33 34.694262382596"
"284",284,3,335070.00012302,6283235.00001984,32.7272727272727,0.000157485648918454,0.000157485648918454,"HPZ3",115.222640615148,-33.5781595771552,"115 13.3584369088795","-33 34.6895746293119"
"285",285,3,335070.00012302,6283235.00001984,32.7272727272727,0.000157485648918454,0.000157485648918454,"HPZ3",115.222702890588,-33.5780814478978,"115 13.3621734352802","-33 34.684886873868"
"286",286,3,335070.00012302,6283235.00001984,32.7272727272727,0.000157485648918454,0.000157485648918454,"HPZ3",115.222765165913,-33.5780033186044,"115 13.3659099547804","-33 34.6801991162642"
"287",287,3,335070.00012302,6283235.00001984,32.7272727272727,0.000157485648918454,0.000157485648918454,"HPZ3",115.222827441124,-33.5779251892751,"115 13.3696464674402","-33 34.675511356506"
"288",288,3,335070.00012302,6283235.00001984,32.7272727272727,0.000157485648918454,0.000157485648918454,"HPZ3",115.222889716221,-33.5778470599098,"115 13.3733829732606","-33 34.670823594588"
"289",289,3,335070.00012302,6283235.00001984,32.7272727272727,0.000157485648918454,0.000157485648918454,"HPZ3",115.222951991204,-33.5777689305085,"115 13.3771194722397","-33 34.6661358305098"
"290",290,3,335070.00012302,6283235.00001984,32.7272727272727,0.000157485648918454,0.000157485648918454,"HPZ3",115.223014266073,-33.5776908010713,"115 13.3808559643793","-33 34.6614480642779"
"291",291,3,335070.00012302,6283235.00001984,32.7272727272727,0.000157485648918454,0.000157485648918454,"HPZ3",115.223076540828,-33.5776126715981,"115 13.3845924496806","-33 34.6567602958858"
"292",292,3,335070.00012302,6283235.00001984,32.7272727272727,0.000157485648918454,0.000157485648918454,"HPZ3",115.223138815468,-33.5775345420889,"115 13.3883289280803","-33 34.6520725253339"
"293",293,3,335070.00012302,6283235.00001984,32.7272727272727,0.000157485648918454,0.000157485648918454,"HPZ3",115.223201089995,-33.5774564125438,"115 13.3920653996999","-33 34.6473847526281"
"294",294,3,335070.00012302,6283235.00001984,32.7272727272727,0.000157485648918454,0.000157485648918454,"HPZ3",115.223263364407,-33.5773782829626,"115 13.3958018644199","-33 34.642696977756"
"295",295,3,335070.00012302,6283235.00001984,32.7272727272727,0.000157485648918454,0.000157485648918454,"HPZ3",115.223325638706,-33.5773001533456,"115 13.3995383223596","-33 34.6380092007358"
"296",296,3,335070.00012302,6283235.00001984,32.7272727272727,0.000157485648918454,0.000157485648918454,"HPZ3",115.22338791289,-33.5772220236925,"115 13.4032747733999","-33 34.63332142155"
"297",297,3,335070.00012302,6283235.00001984,32.7272727272727,0.000192104725368669,0.000192104725368669,"HPZ3",115.22345018696,-33.5771438940034,"115 13.4070112175997","-33 34.628633640204"
"298",298,3,335070.00012302,6283235.00001984,32.7272727272727,0.000192104725368669,0.000192104725368669,"HPZ3",115.223512460916,-33.5770657642785,"115 13.4107476549601","-33 34.6239458567102"
"299",299,3,335070.00012302,6283235.00001984,32.7272727272727,0.000192104725368669,0.000192104725368669,"HPZ3",115.223574734758,-33.5769876345176,"115 13.4144840854802","-33 34.6192580710561"
"300",300,3,335070.00012302,6283235.00001984,32.7272727272727,0.000192104725368669,0.000192104725368669,"HPZ3",115.223637008485,-33.5769095047206,"115 13.4182205090998","-33 34.6145702832359"
"301",301,4,335870.00012302,6281635.00001984,327.272727272727,0.000207496824842813,0.000207496824842813,"HPZ4",115.231920335489,-33.5933532831337,"115 13.9152201293395","-33 35.601196988022"
"302",302,4,335870.00012302,6281635.00001984,327.272727272727,0.000207496824842813,0.000207496824842813,"HPZ4",115.231861281215,-33.5932734151977,"115 13.9116768729","-33 35.5964049118619"
"303",303,4,335870.00012302,6281635.00001984,327.272727272727,0.000207496824842813,0.000207496824842813,"HPZ4",115.231802227048,-33.5931935472359,"115 13.9081336228798","-33 35.591612834154"
"304",304,4,335870.00012302,6281635.00001984,327.272727272727,0.000207496824842813,0.000207496824842813,"HPZ4",115.231743172988,-33.5931136792486,"115 13.9045903792799","-33 35.5868207549162"
"305",305,4,335870.00012302,6281635.00001984,327.272727272727,0.000207496824842813,0.000207496824842813,"HPZ4",115.231684119035,-33.5930338112357,"115 13.9010471420993","-33 35.582028674142"
"306",306,4,335870.00012302,6281635.00001984,327.272727272727,0.000207496824842813,0.000207496824842813,"HPZ4",115.231625065189,-33.592953943197,"115 13.89750391134","-33 35.5772365918201"
"307",307,4,335870.00012302,6281635.00001984,327.272727272727,0.000207496824842813,0.000207496824842813,"HPZ4",115.23156601145,-33.5928740751327,"115 13.8939606870001","-33 35.5724445079618"
"308",308,4,335870.00012302,6281635.00001984,327.272727272727,0.000207496824842813,0.000207496824842813,"HPZ4",115.231506957817,-33.5927942070428,"115 13.8904174690203","-33 35.5676524225681"
"309",309,4,335870.00012302,6281635.00001984,327.272727272727,0.000207496824842813,0.000207496824842813,"HPZ4",115.231447904291,-33.5927143389272,"115 13.8868742574598","-33 35.562860335632"
"310",310,4,335870.00012302,6281635.00001984,327.272727272727,0.000207496824842813,0.000207496824842813,"HPZ4",115.231388850872,-33.5926344707861,"115 13.8833310523197","-33 35.5580682471661"
"311",311,4,335870.00012302,6281635.00001984,327.272727272727,0.000250051255706042,0.000250051255706042,"HPZ4",115.23132979756,-33.5925546026192,"115 13.8797878535998","-33 35.5532761571521"
"312",312,4,335870.00012302,6281635.00001984,327.272727272727,0.000250051255706042,0.000250051255706042,"HPZ4",115.231270744354,-33.5924747344267,"115 13.8762446612401","-33 35.5484840656022"
"313",313,4,335870.00012302,6281635.00001984,327.272727272727,0.000250051255706042,0.000250051255706042,"HPZ4",115.231211691255,-33.5923948662086,"115 13.8727014752997","-33 35.5436919725161"
"314",314,4,335870.00012302,6281635.00001984,327.272727272727,0.000250051255706042,0.000250051255706042,"HPZ4",115.231152638264,-33.5923149979648,"115 13.8691582958408","-33 35.5388998778879"
"315",315,4,335870.00012302,6281635.00001984,327.272727272727,0.000250051255706042,0.000250051255706042,"HPZ4",115.231093585378,-33.5922351296955,"115 13.8656151226799","-33 35.5341077817301"
"316",316,4,335870.00012302,6281635.00001984,327.272727272727,0.000207496824842813,0.000207496824842813,"HPZ4",115.2310345326,-33.5921552614004,"115 13.8620719560005","-33 35.5293156840239"
"317",317,4,335870.00012302,6281635.00001984,327.272727272727,0.000207496824842813,0.000207496824842813,"HPZ4",115.230975479929,-33.5920753930797,"115 13.8585287957404","-33 35.5245235847821"
"318",318,4,335870.00012302,6281635.00001984,327.272727272727,0.000207496824842813,0.000207496824842813,"HPZ4",115.230916427364,-33.5919955247334,"115 13.8549856418394","-33 35.5197314840038"
"319",319,4,335870.00012302,6281635.00001984,327.272727272727,0.000207496824842813,0.000207496824842813,"HPZ4",115.230857374906,-33.5919156563614,"115 13.8514424943598","-33 35.514939381684"
"320",320,4,335870.00012302,6281635.00001984,327.272727272727,0.000207496824842813,0.000207496824842813,"HPZ4",115.230798322555,-33.5918357879638,"115 13.8478993533005","-33 35.5101472778282"
"321",321,4,335870.00012302,6281635.00001984,327.272727272727,0.000207496824842813,0.000207496824842813,"HPZ4",115.230739270311,-33.5917559195406,"115 13.8443562186604","-33 35.5053551724362"
"322",322,4,335870.00012302,6281635.00001984,327.272727272727,0.000207496824842813,0.000207496824842813,"HPZ4",115.230680218173,-33.5916760510917,"115 13.8408130903806","-33 35.5005630655023"
"323",323,4,335870.00012302,6281635.00001984,327.272727272727,0.000207496824842813,0.000207496824842813,"HPZ4",115.230621166143,-33.5915961826171,"115 13.8372699685793","-33 35.4957709570263"
"324",324,4,335870.00012302,6281635.00001984,327.272727272727,0.000207496824842813,0.000207496824842813,"HPZ4",115.230562114219,-33.591516314117,"115 13.83372685314","-33 35.4909788470201"
"325",325,4,335870.00012302,6281635.00001984,327.272727272727,0.000207496824842813,0.000207496824842813,"HPZ4",115.230503062402,-33.5914364455912,"115 13.8301837441191","-33 35.486186735472"
"326",326,5,333270.00012302,6284035.00001984,0,0.000157485648918454,0.000157485648918454,"HPZ5",115.203629198635,-33.571481895085,"115 12.2177519180996","-33 34.2889137051"
"327",327,5,333270.00012302,6284035.00001984,0,0.000157485648918454,0.000157485648918454,"HPZ5",115.203631144209,-33.5713879877858,"115 12.2178686525401","-33 34.283279267148"
"328",328,5,333270.00012302,6284035.00001984,0,0.000157485648918454,0.000157485648918454,"HPZ5",115.203633089774,-33.571294080485,"115 12.2179853864402","-33 34.2776448291001"
"329",329,5,333270.00012302,6284035.00001984,0,0.000157485648918454,0.000157485648918454,"HPZ5",115.20363503533,-33.5712001731828,"115 12.2181021198","-33 34.2720103909681"
"330",330,5,333270.00012302,6284035.00001984,0,0.000157485648918454,0.000157485648918454,"HPZ5",115.203636980877,-33.5711062658789,"115 12.2182188526194","-33 34.2663759527342"
"331",331,5,333270.00012302,6284035.00001984,0,0.000157485648918454,0.000157485648918454,"HPZ5",115.203638926415,-33.5710123585735,"115 12.2183355848994","-33 34.2607415144099"
"332",332,5,333270.00012302,6284035.00001984,0,0.000157485648918454,0.000157485648918454,"HPZ5",115.203640871944,-33.5709184512667,"115 12.21845231664","-33 34.2551070760019"
"333",333,5,333270.00012302,6284035.00001984,0,0.000157485648918454,0.000157485648918454,"HPZ5",115.203642817464,-33.5708245439583,"115 12.2185690478402","-33 34.2494726374981"
"334",334,5,333270.00012302,6284035.00001984,0,0.000157485648918454,0.000157485648918454,"HPZ5",115.203644762975,-33.5707306366483,"115 12.2186857785001","-33 34.243838198898"
"335",335,5,333270.00012302,6284035.00001984,0,0.000157485648918454,0.000157485648918454,"HPZ5",115.203646708477,-33.570636729337,"115 12.2188025086197","-33 34.2382037602198"
"336",336,5,333270.00012302,6284035.00001984,0,0.000157485648918454,0.000157485648918454,"HPZ5",115.203648653969,-33.570542822024,"115 12.2189192381396","-33 34.2325693214402"
"337",337,5,333270.00012302,6284035.00001984,0,0.000157485648918454,0.000157485648918454,"HPZ5",115.203650599453,-33.5704489147094,"115 12.2190359671804","-33 34.2269348825641"
"338",338,5,333270.00012302,6284035.00001984,0,0.000157485648918454,0.000157485648918454,"HPZ5",115.203652544928,-33.5703550073935,"115 12.2191526956808","-33 34.2213004436101"
"339",339,5,333270.00012302,6284035.00001984,0,0.000157485648918454,0.000157485648918454,"HPZ5",115.203654490394,-33.5702611000759,"115 12.2192694236398","-33 34.2156660045543"
"340",340,5,333270.00012302,6284035.00001984,0,0.000157485648918454,0.000157485648918454,"HPZ5",115.203656435851,-33.5701671927568,"115 12.2193861510605","-33 34.2100315654078"
"341",341,5,333270.00012302,6284035.00001984,0,0.000157485648918454,0.000157485648918454,"HPZ5",115.203658381298,-33.5700732854363,"115 12.2195028778796","-33 34.2043971261781"
"342",342,5,333270.00012302,6284035.00001984,0,0.000157485648918454,0.000157485648918454,"HPZ5",115.203660326737,-33.5699793781141,"115 12.2196196042195","-33 34.1987626868458"
"343",343,5,333270.00012302,6284035.00001984,0,0.000157485648918454,0.000157485648918454,"HPZ5",115.203662272167,-33.5698854707904,"115 12.21973633002","-33 34.1931282474242"
"344",344,5,333270.00012302,6284035.00001984,0,0.000157485648918454,0.000157485648918454,"HPZ5",115.203664217588,-33.5697915634653,"115 12.2198530552802","-33 34.187493807918"
"345",345,5,333270.00012302,6284035.00001984,0,0.000157485648918454,0.000157485648918454,"HPZ5",115.203666162999,-33.5696976561385,"115 12.2199697799399","-33 34.1818593683102"
"346",346,5,333270.00012302,6284035.00001984,0,0.000157485648918454,0.000157485648918454,"HPZ5",115.203668108402,-33.5696037488102,"115 12.2200865041203","-33 34.1762249286122"
"347",347,5,333270.00012302,6284035.00001984,0,0.000157485648918454,0.000157485648918454,"HPZ5",115.203670053796,-33.5695098414806,"115 12.2202032277603","-33 34.1705904888363"
"348",348,5,333270.00012302,6284035.00001984,0,0.000157485648918454,0.000157485648918454,"HPZ5",115.20367199918,-33.5694159341492,"115 12.2203199507998","-33 34.164956048952"
"349",349,5,333270.00012302,6284035.00001984,0,0.000157485648918454,0.000157485648918454,"HPZ5",115.203673944556,-33.5693220268164,"115 12.2204366733601","-33 34.159321608984"
"350",350,5,333270.00012302,6284035.00001984,0,0.000157485648918454,0.000157485648918454,"HPZ5",115.203675889923,-33.5692281194821,"115 12.2205533953801","-33 34.1536871689258"
"351",351,6,334070.00012302,6282435.00001984,65.4545454545455,0.000207496824842813,0.000207496824842813,"HPZ6",115.210736172196,-33.5853544147502,"115 12.64417033176","-33 35.1212648850119"
"352",352,6,334070.00012302,6282435.00001984,65.4545454545455,0.000207496824842813,0.000207496824842813,"HPZ6",115.210839039017,-33.5853168802729,"115 12.6503423410206","-33 35.119012816374"
"353",353,6,334070.00012302,6282435.00001984,65.4545454545455,0.000207496824842813,0.000207496824842813,"HPZ6",115.210941905752,-33.5852793457069,"115 12.6565143451201","-33 35.116760742414"
"354",354,6,334070.00012302,6282435.00001984,65.4545454545455,0.000207496824842813,0.000207496824842813,"HPZ6",115.211044772401,-33.5852418110523,"115 12.6626863440596","-33 35.114508663138"
"355",355,6,334070.00012302,6282435.00001984,65.4545454545455,0.000207496824842813,0.000207496824842813,"HPZ6",115.211147638964,-33.5852042763088,"115 12.6688583378399","-33 35.112256578528"
"356",356,6,334070.00012302,6282435.00001984,65.4545454545455,0.000207496824842813,0.000207496824842813,"HPZ6",115.211250505442,-33.5851667414767,"115 12.6750303265202","-33 35.1100044886019"
"357",357,6,334070.00012302,6282435.00001984,65.4545454545455,0.000207496824842813,0.000207496824842813,"HPZ6",115.211353371833,-33.5851292065558,"115 12.6812023099803","-33 35.1077523933479"
"358",358,6,334070.00012302,6282435.00001984,65.4545454545455,0.000207496824842813,0.000207496824842813,"HPZ6",115.211456238139,-33.5850916715463,"115 12.6873742883394","-33 35.105500292778"
"359",359,6,334070.00012302,6282435.00001984,65.4545454545455,0.000207496824842813,0.000207496824842813,"HPZ6",115.211559104359,-33.585054136448,"115 12.6935462615394","-33 35.10324818688"
"360",360,6,334070.00012302,6282435.00001984,65.4545454545455,0.000207496824842813,0.000207496824842813,"HPZ6",115.211661970493,-33.585016601261,"115 12.6997182295803","-33 35.1009960756601"
"361",361,6,334070.00012302,6282435.00001984,65.4545454545455,0.000207496824842813,0.000207496824842813,"HPZ6",115.211764836541,-33.5849790659853,"115 12.7058901924591","-33 35.098743959118"
"362",362,6,334070.00012302,6282435.00001984,65.4545454545455,0.000207496824842813,0.000207496824842813,"HPZ6",115.211867702503,-33.584941530621,"115 12.7120621501798","-33 35.0964918372602"
"363",363,6,334070.00012302,6282435.00001984,65.4545454545455,0.000207496824842813,0.000207496824842813,"HPZ6",115.211970568379,-33.5849039951678,"115 12.7182341027403","-33 35.0942397100679"
"364",364,6,334070.00012302,6282435.00001984,65.4545454545455,0.000207496824842813,0.000207496824842813,"HPZ6",115.212073434169,-33.584866459626,"115 12.7244060501398","-33 35.09198757756"
"365",365,6,334070.00012302,6282435.00001984,65.4545454545455,0.000207496824842813,0.000207496824842813,"HPZ6",115.212176299874,-33.5848289239954,"115 12.7305779924403","-33 35.0897354397241"
"366",366,6,334070.00012302,6282435.00001984,65.4545454545455,0.000207496824842813,0.000207496824842813,"HPZ6",115.212279165492,-33.5847913882761,"115 12.7367499295205","-33 35.0874832965662"
"367",367,6,334070.00012302,6282435.00001984,65.4545454545455,0.000207496824842813,0.000207496824842813,"HPZ6",115.212382031025,-33.5847538524681,"115 12.7429218614998","-33 35.0852311480858"
"368",368,6,334070.00012302,6282435.00001984,65.4545454545455,0.000207496824842813,0.000207496824842813,"HPZ6",115.212484896472,-33.5847163165714,"115 12.7490937883199","-33 35.0829789942841"
"369",369,6,334070.00012302,6282435.00001984,65.4545454545455,0.000207496824842813,0.000207496824842813,"HPZ6",115.212587761833,-33.584678780586,"115 12.75526570998","-33 35.0807268351603"
"370",370,6,334070.00012302,6282435.00001984,65.4545454545455,0.000207496824842813,0.000207496824842813,"HPZ6",115.212690627108,-33.5846412445119,"115 12.7614376264799","-33 35.0784746707141"
"371",371,6,334070.00012302,6282435.00001984,65.4545454545455,0.000207496824842813,0.000207496824842813,"HPZ6",115.212793492297,-33.5846037083492,"115 12.7676095378197","-33 35.076222500952"
"372",372,6,334070.00012302,6282435.00001984,65.4545454545455,0.000207496824842813,0.000207496824842813,"HPZ6",115.2128963574,-33.5845661720977,"115 12.7737814439994","-33 35.0739703258621"
"373",373,6,334070.00012302,6282435.00001984,65.4545454545455,0.000207496824842813,0.000207496824842813,"HPZ6",115.212999222417,-33.5845286357574,"115 12.77995334502","-33 35.0717181454442"
"374",374,6,334070.00012302,6282435.00001984,65.4545454545455,0.000207496824842813,0.000207496824842813,"HPZ6",115.213102087349,-33.5844910993285,"115 12.7861252409396","-33 35.0694659597102"
"375",375,6,334070.00012302,6282435.00001984,65.4545454545455,0.000207496824842813,0.000207496824842813,"HPZ6",115.213204952195,-33.5844535628108,"115 12.7922971317001","-33 35.0672137686481"
