"","transect","start_x","start_y","direction","x","y","specifiedInclProb","AdjustedInclProb","cluster"
"1",1,349029.273936845,6288450.88548791,32.7272727272727,349029.003616436,6288450.46486115,0.0198833501148084,0.0198833501148084,"NPZ.1"
"2",1,349029.273936845,6288450.88548791,32.7272727272727,349029.026143137,6288450.49991338,0.0198833501148084,0.0198833501148084,"NPZ.1"
"3",1,349029.273936845,6288450.88548791,32.7272727272727,349029.048669838,6288450.53496561,0.0198833501148084,0.0198833501148084,"NPZ.1"
"4",1,349029.273936845,6288450.88548791,32.7272727272727,349029.071196538,6288450.57001784,0.0198833501148084,0.0198833501148084,"NPZ.1"
"5",1,349029.273936845,6288450.88548791,32.7272727272727,349029.093723239,6288450.60507007,0.0198833501148084,0.0198833501148084,"NPZ.1"
"6",1,349029.273936845,6288450.88548791,32.7272727272727,349029.11624994,6288450.6401223,0.0198833501148084,0.0198833501148084,"NPZ.1"
"7",1,349029.273936845,6288450.88548791,32.7272727272727,349029.138776641,6288450.67517453,0.0198833501148084,0.0198833501148084,"NPZ.1"
"8",1,349029.273936845,6288450.88548791,32.7272727272727,349029.161303341,6288450.71022676,0.0198833501148084,0.0198833501148084,"NPZ.1"
"9",1,349029.273936845,6288450.88548791,32.7272727272727,349029.183830042,6288450.74527899,0.0198833501148084,0.0198833501148084,"NPZ.1"
"10",1,349029.273936845,6288450.88548791,32.7272727272727,349029.206356743,6288450.78033122,0.0198833501148084,0.0198833501148084,"NPZ.1"
"11",1,349029.273936845,6288450.88548791,32.7272727272727,349029.228883444,6288450.81538345,0.0198833501148084,0.0198833501148084,"NPZ.1"
"12",1,349029.273936845,6288450.88548791,32.7272727272727,349029.251410144,6288450.85043568,0.0198833501148084,0.0198833501148084,"NPZ.1"
"13",1,349029.273936845,6288450.88548791,32.7272727272727,349029.273936845,6288450.88548791,0.0198833501148084,0.0198833501148084,"NPZ.1"
"14",1,349029.273936845,6288450.88548791,32.7272727272727,349029.296463546,6288450.92054014,0.0198833501148084,0.0198833501148084,"NPZ.1"
"15",1,349029.273936845,6288450.88548791,32.7272727272727,349029.318990246,6288450.95559237,0.0198833501148084,0.0198833501148084,"NPZ.1"
"16",1,349029.273936845,6288450.88548791,32.7272727272727,349029.341516947,6288450.9906446,0.0198833501148084,0.0198833501148084,"NPZ.1"
"17",1,349029.273936845,6288450.88548791,32.7272727272727,349029.364043648,6288451.02569683,0.0198833501148084,0.0198833501148084,"NPZ.1"
"18",1,349029.273936845,6288450.88548791,32.7272727272727,349029.386570349,6288451.06074907,0.0198833501148084,0.0198833501148084,"NPZ.1"
"19",1,349029.273936845,6288450.88548791,32.7272727272727,349029.409097049,6288451.0958013,0.0198833501148084,0.0198833501148084,"NPZ.1"
"20",1,349029.273936845,6288450.88548791,32.7272727272727,349029.43162375,6288451.13085353,0.0198833501148084,0.0198833501148084,"NPZ.1"
"21",1,349029.273936845,6288450.88548791,32.7272727272727,349029.454150451,6288451.16590576,0.0198833501148084,0.0198833501148084,"NPZ.1"
"22",1,349029.273936845,6288450.88548791,32.7272727272727,349029.476677152,6288451.20095799,0.0198833501148084,0.0198833501148084,"NPZ.1"
"23",1,349029.273936845,6288450.88548791,32.7272727272727,349029.499203852,6288451.23601022,0.0198833501148084,0.0198833501148084,"NPZ.1"
"24",1,349029.273936845,6288450.88548791,32.7272727272727,349029.521730553,6288451.27106245,0.0198833501148084,0.0198833501148084,"NPZ.1"
"25",1,349029.273936845,6288450.88548791,32.7272727272727,349029.544257254,6288451.30611468,0.0198833501148084,0.0198833501148084,"NPZ.1"
"26",2,351349.273936845,6287065.88548791,261.818181818182,351349.768847566,6287065.95664533,0.00134947310314727,0.00134947310314727,"NPZ.2"
"27",2,351349.273936845,6287065.88548791,261.818181818182,351349.727605006,6287065.95071555,0.00134947310314727,0.00134947310314727,"NPZ.2"
"28",2,351349.273936845,6287065.88548791,261.818181818182,351349.686362446,6287065.94478576,0.00134947310314727,0.00134947310314727,"NPZ.2"
"29",2,351349.273936845,6287065.88548791,261.818181818182,351349.645119886,6287065.93885598,0.00134947310314727,0.00134947310314727,"NPZ.2"
"30",2,351349.273936845,6287065.88548791,261.818181818182,351349.603877326,6287065.93292619,0.00134947310314727,0.00134947310314727,"NPZ.2"
"31",2,351349.273936845,6287065.88548791,261.818181818182,351349.562634766,6287065.92699641,0.00134947310314727,0.00134947310314727,"NPZ.2"
"32",2,351349.273936845,6287065.88548791,261.818181818182,351349.521392205,6287065.92106662,0.00134947310314727,0.00134947310314727,"NPZ.2"
"33",2,351349.273936845,6287065.88548791,261.818181818182,351349.480149645,6287065.91513684,0.00134947310314727,0.00134947310314727,"NPZ.2"
"34",2,351349.273936845,6287065.88548791,261.818181818182,351349.438907085,6287065.90920705,0.00134947310314727,0.00134947310314727,"NPZ.2"
"35",2,351349.273936845,6287065.88548791,261.818181818182,351349.397664525,6287065.90327727,0.00134947310314727,0.00134947310314727,"NPZ.2"
"36",2,351349.273936845,6287065.88548791,261.818181818182,351349.356421965,6287065.89734748,0.00134947310314727,0.00134947310314727,"NPZ.2"
"37",2,351349.273936845,6287065.88548791,261.818181818182,351349.315179405,6287065.8914177,0.00134947310314727,0.00134947310314727,"NPZ.2"
"38",2,351349.273936845,6287065.88548791,261.818181818182,351349.273936845,6287065.88548791,0.00134947310314727,0.00134947310314727,"NPZ.2"
"39",2,351349.273936845,6287065.88548791,261.818181818182,351349.232694285,6287065.87955813,0.00134947310314727,0.00134947310314727,"NPZ.2"
"40",2,351349.273936845,6287065.88548791,261.818181818182,351349.191451725,6287065.87362834,0.00134947310314727,0.00134947310314727,"NPZ.2"
"41",2,351349.273936845,6287065.88548791,261.818181818182,351349.150209165,6287065.86769856,0.00134947310314727,0.00134947310314727,"NPZ.2"
"42",2,351349.273936845,6287065.88548791,261.818181818182,351349.108966605,6287065.86176877,0.00134947310314727,0.00134947310314727,"NPZ.2"
"43",2,351349.273936845,6287065.88548791,261.818181818182,351349.067724045,6287065.85583899,0.00134947310314727,0.00134947310314727,"NPZ.2"
"44",2,351349.273936845,6287065.88548791,261.818181818182,351349.026481485,6287065.8499092,0.00134947310314727,0.00134947310314727,"NPZ.2"
"45",2,351349.273936845,6287065.88548791,261.818181818182,351348.985238924,6287065.84397942,0.00134947310314727,0.00134947310314727,"NPZ.2"
"46",2,351349.273936845,6287065.88548791,261.818181818182,351348.943996364,6287065.83804963,0.00134947310314727,0.00134947310314727,"NPZ.2"
"47",2,351349.273936845,6287065.88548791,261.818181818182,351348.902753804,6287065.83211985,0.00134947310314727,0.00134947310314727,"NPZ.2"
"48",2,351349.273936845,6287065.88548791,261.818181818182,351348.861511244,6287065.82619006,0.00134947310314727,0.00134947310314727,"NPZ.2"
"49",2,351349.273936845,6287065.88548791,261.818181818182,351348.820268684,6287065.82026028,0.00134947310314727,0.00134947310314727,"NPZ.2"
"50",2,351349.273936845,6287065.88548791,261.818181818182,351348.779026124,6287065.81433049,0.00134947310314727,0.00134947310314727,"NPZ.2"
"51",3,348797.273936845,6287896.88548791,98.1818181818182,348796.779026124,6287896.95664533,0.0198833501148084,0.0198833501148084,"NPZ.3"
"52",3,348797.273936845,6287896.88548791,98.1818181818182,348796.820268684,6287896.95071555,0.0198833501148084,0.0198833501148084,"NPZ.3"
"53",3,348797.273936845,6287896.88548791,98.1818181818182,348796.861511244,6287896.94478576,0.0198833501148084,0.0198833501148084,"NPZ.3"
"54",3,348797.273936845,6287896.88548791,98.1818181818182,348796.902753804,6287896.93885598,0.0198833501148084,0.0198833501148084,"NPZ.3"
"55",3,348797.273936845,6287896.88548791,98.1818181818182,348796.943996364,6287896.93292619,0.0198833501148084,0.0198833501148084,"NPZ.3"
"56",3,348797.273936845,6287896.88548791,98.1818181818182,348796.985238924,6287896.92699641,0.0198833501148084,0.0198833501148084,"NPZ.3"
"57",3,348797.273936845,6287896.88548791,98.1818181818182,348797.026481485,6287896.92106662,0.0198833501148084,0.0198833501148084,"NPZ.3"
"58",3,348797.273936845,6287896.88548791,98.1818181818182,348797.067724045,6287896.91513684,0.0198833501148084,0.0198833501148084,"NPZ.3"
"59",3,348797.273936845,6287896.88548791,98.1818181818182,348797.108966605,6287896.90920705,0.0198833501148084,0.0198833501148084,"NPZ.3"
"60",3,348797.273936845,6287896.88548791,98.1818181818182,348797.150209165,6287896.90327727,0.0198833501148084,0.0198833501148084,"NPZ.3"
"61",3,348797.273936845,6287896.88548791,98.1818181818182,348797.191451725,6287896.89734748,0.0198833501148084,0.0198833501148084,"NPZ.3"
"62",3,348797.273936845,6287896.88548791,98.1818181818182,348797.232694285,6287896.8914177,0.0198833501148084,0.0198833501148084,"NPZ.3"
"63",3,348797.273936845,6287896.88548791,98.1818181818182,348797.273936845,6287896.88548791,0.0198833501148084,0.0198833501148084,"NPZ.3"
"64",3,348797.273936845,6287896.88548791,98.1818181818182,348797.315179405,6287896.87955813,0.0198833501148084,0.0198833501148084,"NPZ.3"
"65",3,348797.273936845,6287896.88548791,98.1818181818182,348797.356421965,6287896.87362834,0.0198833501148084,0.0198833501148084,"NPZ.3"
"66",3,348797.273936845,6287896.88548791,98.1818181818182,348797.397664525,6287896.86769856,0.0198833501148084,0.0198833501148084,"NPZ.3"
"67",3,348797.273936845,6287896.88548791,98.1818181818182,348797.438907085,6287896.86176877,0.0198833501148084,0.0198833501148084,"NPZ.3"
"68",3,348797.273936845,6287896.88548791,98.1818181818182,348797.480149645,6287896.85583899,0.0198833501148084,0.0198833501148084,"NPZ.3"
"69",3,348797.273936845,6287896.88548791,98.1818181818182,348797.521392205,6287896.8499092,0.0198833501148084,0.0198833501148084,"NPZ.3"
"70",3,348797.273936845,6287896.88548791,98.1818181818182,348797.562634766,6287896.84397942,0.0198833501148084,0.0198833501148084,"NPZ.3"
"71",3,348797.273936845,6287896.88548791,98.1818181818182,348797.603877326,6287896.83804963,0.0198833501148084,0.0198833501148084,"NPZ.3"
"72",3,348797.273936845,6287896.88548791,98.1818181818182,348797.645119886,6287896.83211985,0.0198833501148084,0.0198833501148084,"NPZ.3"
"73",3,348797.273936845,6287896.88548791,98.1818181818182,348797.686362446,6287896.82619006,0.0198833501148084,0.0198833501148084,"NPZ.3"
"74",3,348797.273936845,6287896.88548791,98.1818181818182,348797.727605006,6287896.82026028,0.0198833501148084,0.0198833501148084,"NPZ.3"
"75",3,348797.273936845,6287896.88548791,98.1818181818182,348797.768847566,6287896.81433049,0.0198833501148084,0.0198833501148084,"NPZ.3"
"76",1,335109.273936845,6281525.88548791,0,335109.273936845,6281525.38548791,0.00319632775299157,0.00319632775299157,"HPZ.1"
"77",1,335109.273936845,6281525.88548791,0,335109.273936845,6281525.42715458,0.00319632775299157,0.00319632775299157,"HPZ.1"
"78",1,335109.273936845,6281525.88548791,0,335109.273936845,6281525.46882125,0.00319632775299157,0.00319632775299157,"HPZ.1"
"79",1,335109.273936845,6281525.88548791,0,335109.273936845,6281525.51048791,0.00319632775299157,0.00319632775299157,"HPZ.1"
"80",1,335109.273936845,6281525.88548791,0,335109.273936845,6281525.55215458,0.00319632775299157,0.00319632775299157,"HPZ.1"
"81",1,335109.273936845,6281525.88548791,0,335109.273936845,6281525.59382125,0.00319632775299157,0.00319632775299157,"HPZ.1"
"82",1,335109.273936845,6281525.88548791,0,335109.273936845,6281525.63548791,0.00319632775299157,0.00319632775299157,"HPZ.1"
"83",1,335109.273936845,6281525.88548791,0,335109.273936845,6281525.67715458,0.00319632775299157,0.00319632775299157,"HPZ.1"
"84",1,335109.273936845,6281525.88548791,0,335109.273936845,6281525.71882125,0.00319632775299157,0.00319632775299157,"HPZ.1"
"85",1,335109.273936845,6281525.88548791,0,335109.273936845,6281525.76048791,0.00319632775299157,0.00319632775299157,"HPZ.1"
"86",1,335109.273936845,6281525.88548791,0,335109.273936845,6281525.80215458,0.00319632775299157,0.00319632775299157,"HPZ.1"
"87",1,335109.273936845,6281525.88548791,0,335109.273936845,6281525.84382125,0.00319632775299157,0.00319632775299157,"HPZ.1"
"88",1,335109.273936845,6281525.88548791,0,335109.273936845,6281525.88548791,0.00319632775299157,0.00319632775299157,"HPZ.1"
"89",1,335109.273936845,6281525.88548791,0,335109.273936845,6281525.92715458,0.00319632775299157,0.00319632775299157,"HPZ.1"
"90",1,335109.273936845,6281525.88548791,0,335109.273936845,6281525.96882125,0.00319632775299157,0.00319632775299157,"HPZ.1"
"91",1,335109.273936845,6281525.88548791,0,335109.273936845,6281526.01048791,0.00319632775299157,0.00319632775299157,"HPZ.1"
"92",1,335109.273936845,6281525.88548791,0,335109.273936845,6281526.05215458,0.00319632775299157,0.00319632775299157,"HPZ.1"
"93",1,335109.273936845,6281525.88548791,0,335109.273936845,6281526.09382125,0.00319632775299157,0.00319632775299157,"HPZ.1"
"94",1,335109.273936845,6281525.88548791,0,335109.273936845,6281526.13548791,0.00319632775299157,0.00319632775299157,"HPZ.1"
"95",1,335109.273936845,6281525.88548791,0,335109.273936845,6281526.17715458,0.00319632775299157,0.00319632775299157,"HPZ.1"
"96",1,335109.273936845,6281525.88548791,0,335109.273936845,6281526.21882125,0.00319632775299157,0.00319632775299157,"HPZ.1"
"97",1,335109.273936845,6281525.88548791,0,335109.273936845,6281526.26048791,0.00319632775299157,0.00319632775299157,"HPZ.1"
"98",1,335109.273936845,6281525.88548791,0,335109.273936845,6281526.30215458,0.00319632775299157,0.00319632775299157,"HPZ.1"
"99",1,335109.273936845,6281525.88548791,0,335109.273936845,6281526.34382125,0.00319632775299157,0.00319632775299157,"HPZ.1"
"100",1,335109.273936845,6281525.88548791,0,335109.273936845,6281526.38548791,0.00319632775299157,0.00319632775299157,"HPZ.1"
"101",2,334413.273936845,6283741.88548791,98.1818181818182,334412.779026124,6283741.95664533,0.00290760432667174,0.00290760432667174,"HPZ.2"
"102",2,334413.273936845,6283741.88548791,98.1818181818182,334412.820268684,6283741.95071555,0.00290760432667174,0.00290760432667174,"HPZ.2"
"103",2,334413.273936845,6283741.88548791,98.1818181818182,334412.861511244,6283741.94478576,0.00290760432667174,0.00290760432667174,"HPZ.2"
"104",2,334413.273936845,6283741.88548791,98.1818181818182,334412.902753804,6283741.93885598,0.00290760432667174,0.00290760432667174,"HPZ.2"
"105",2,334413.273936845,6283741.88548791,98.1818181818182,334412.943996364,6283741.93292619,0.00290760432667174,0.00290760432667174,"HPZ.2"
"106",2,334413.273936845,6283741.88548791,98.1818181818182,334412.985238924,6283741.92699641,0.00290760432667174,0.00290760432667174,"HPZ.2"
"107",2,334413.273936845,6283741.88548791,98.1818181818182,334413.026481485,6283741.92106662,0.00290760432667174,0.00290760432667174,"HPZ.2"
"108",2,334413.273936845,6283741.88548791,98.1818181818182,334413.067724045,6283741.91513684,0.00290760432667174,0.00290760432667174,"HPZ.2"
"109",2,334413.273936845,6283741.88548791,98.1818181818182,334413.108966605,6283741.90920705,0.00290760432667174,0.00290760432667174,"HPZ.2"
"110",2,334413.273936845,6283741.88548791,98.1818181818182,334413.150209165,6283741.90327727,0.00290760432667174,0.00290760432667174,"HPZ.2"
"111",2,334413.273936845,6283741.88548791,98.1818181818182,334413.191451725,6283741.89734748,0.00290760432667174,0.00290760432667174,"HPZ.2"
"112",2,334413.273936845,6283741.88548791,98.1818181818182,334413.232694285,6283741.8914177,0.00290760432667174,0.00290760432667174,"HPZ.2"
"113",2,334413.273936845,6283741.88548791,98.1818181818182,334413.273936845,6283741.88548791,0.00290760432667174,0.00290760432667174,"HPZ.2"
"114",2,334413.273936845,6283741.88548791,98.1818181818182,334413.315179405,6283741.87955813,0.00290760432667174,0.00290760432667174,"HPZ.2"
"115",2,334413.273936845,6283741.88548791,98.1818181818182,334413.356421965,6283741.87362834,0.00290760432667174,0.00290760432667174,"HPZ.2"
"116",2,334413.273936845,6283741.88548791,98.1818181818182,334413.397664525,6283741.86769856,0.00290760432667174,0.00290760432667174,"HPZ.2"
"117",2,334413.273936845,6283741.88548791,98.1818181818182,334413.438907085,6283741.86176877,0.00290760432667174,0.00290760432667174,"HPZ.2"
"118",2,334413.273936845,6283741.88548791,98.1818181818182,334413.480149645,6283741.85583899,0.00290760432667174,0.00290760432667174,"HPZ.2"
"119",2,334413.273936845,6283741.88548791,98.1818181818182,334413.521392205,6283741.8499092,0.00290760432667174,0.00290760432667174,"HPZ.2"
"120",2,334413.273936845,6283741.88548791,98.1818181818182,334413.562634766,6283741.84397942,0.00290760432667174,0.00290760432667174,"HPZ.2"
"121",2,334413.273936845,6283741.88548791,98.1818181818182,334413.603877326,6283741.83804963,0.00290760432667174,0.00290760432667174,"HPZ.2"
"122",2,334413.273936845,6283741.88548791,98.1818181818182,334413.645119886,6283741.83211985,0.00290760432667174,0.00290760432667174,"HPZ.2"
"123",2,334413.273936845,6283741.88548791,98.1818181818182,334413.686362446,6283741.82619006,0.00290760432667174,0.00290760432667174,"HPZ.2"
"124",2,334413.273936845,6283741.88548791,98.1818181818182,334413.727605006,6283741.82026028,0.00290760432667174,0.00290760432667174,"HPZ.2"
"125",2,334413.273936845,6283741.88548791,98.1818181818182,334413.768847566,6283741.81433049,0.00290760432667174,0.00290760432667174,"HPZ.2"
"126",3,333253.273936845,6282356.88548791,261.818181818182,333253.768847566,6282356.95664533,0.00325080038162456,0.00325080038162456,"HPZ.3"
"127",3,333253.273936845,6282356.88548791,261.818181818182,333253.727605006,6282356.95071555,0.00325080038162456,0.00325080038162456,"HPZ.3"
"128",3,333253.273936845,6282356.88548791,261.818181818182,333253.686362446,6282356.94478576,0.00325080038162456,0.00325080038162456,"HPZ.3"
"129",3,333253.273936845,6282356.88548791,261.818181818182,333253.645119886,6282356.93885598,0.00325080038162456,0.00325080038162456,"HPZ.3"
"130",3,333253.273936845,6282356.88548791,261.818181818182,333253.603877326,6282356.93292619,0.00325080038162456,0.00325080038162456,"HPZ.3"
"131",3,333253.273936845,6282356.88548791,261.818181818182,333253.562634766,6282356.92699641,0.00325080038162456,0.00325080038162456,"HPZ.3"
"132",3,333253.273936845,6282356.88548791,261.818181818182,333253.521392205,6282356.92106662,0.00325080038162456,0.00325080038162456,"HPZ.3"
"133",3,333253.273936845,6282356.88548791,261.818181818182,333253.480149645,6282356.91513684,0.00325080038162456,0.00325080038162456,"HPZ.3"
"134",3,333253.273936845,6282356.88548791,261.818181818182,333253.438907085,6282356.90920705,0.00325080038162456,0.00325080038162456,"HPZ.3"
"135",3,333253.273936845,6282356.88548791,261.818181818182,333253.397664525,6282356.90327727,0.00325080038162456,0.00325080038162456,"HPZ.3"
"136",3,333253.273936845,6282356.88548791,261.818181818182,333253.356421965,6282356.89734748,0.00325080038162456,0.00325080038162456,"HPZ.3"
"137",3,333253.273936845,6282356.88548791,261.818181818182,333253.315179405,6282356.8914177,0.00325080038162456,0.00325080038162456,"HPZ.3"
"138",3,333253.273936845,6282356.88548791,261.818181818182,333253.273936845,6282356.88548791,0.00325080038162456,0.00325080038162456,"HPZ.3"
"139",3,333253.273936845,6282356.88548791,261.818181818182,333253.232694285,6282356.87955813,0.00325080038162456,0.00325080038162456,"HPZ.3"
"140",3,333253.273936845,6282356.88548791,261.818181818182,333253.191451725,6282356.87362834,0.00325080038162456,0.00325080038162456,"HPZ.3"
"141",3,333253.273936845,6282356.88548791,261.818181818182,333253.150209165,6282356.86769856,0.00325080038162456,0.00325080038162456,"HPZ.3"
"142",3,333253.273936845,6282356.88548791,261.818181818182,333253.108966605,6282356.86176877,0.00325080038162456,0.00325080038162456,"HPZ.3"
"143",3,333253.273936845,6282356.88548791,261.818181818182,333253.067724045,6282356.85583899,0.00325080038162456,0.00325080038162456,"HPZ.3"
"144",3,333253.273936845,6282356.88548791,261.818181818182,333253.026481485,6282356.8499092,0.00325080038162456,0.00325080038162456,"HPZ.3"
"145",3,333253.273936845,6282356.88548791,261.818181818182,333252.985238924,6282356.84397942,0.00325080038162456,0.00325080038162456,"HPZ.3"
"146",3,333253.273936845,6282356.88548791,261.818181818182,333252.943996364,6282356.83804963,0.00325080038162456,0.00325080038162456,"HPZ.3"
"147",3,333253.273936845,6282356.88548791,261.818181818182,333252.902753804,6282356.83211985,0.00325080038162456,0.00325080038162456,"HPZ.3"
"148",3,333253.273936845,6282356.88548791,261.818181818182,333252.861511244,6282356.82619006,0.00325080038162456,0.00325080038162456,"HPZ.3"
"149",3,333253.273936845,6282356.88548791,261.818181818182,333252.820268684,6282356.82026028,0.00325080038162456,0.00325080038162456,"HPZ.3"
"150",3,333253.273936845,6282356.88548791,261.818181818182,333252.779026124,6282356.81433049,0.00325080038162456,0.00325080038162456,"HPZ.3"
"151",1,362253.273936845,6302577.88548791,32.7272727272727,362253.003616436,6302577.46486115,0.00033798577959079,0.00033798577959079,"SPZ.1"
"152",1,362253.273936845,6302577.88548791,32.7272727272727,362253.026143137,6302577.49991338,0.00033798577959079,0.00033798577959079,"SPZ.1"
"153",1,362253.273936845,6302577.88548791,32.7272727272727,362253.048669838,6302577.53496561,0.00033798577959079,0.00033798577959079,"SPZ.1"
"154",1,362253.273936845,6302577.88548791,32.7272727272727,362253.071196538,6302577.57001784,0.00033798577959079,0.00033798577959079,"SPZ.1"
"155",1,362253.273936845,6302577.88548791,32.7272727272727,362253.093723239,6302577.60507007,0.00033798577959079,0.00033798577959079,"SPZ.1"
"156",1,362253.273936845,6302577.88548791,32.7272727272727,362253.11624994,6302577.6401223,0.00033798577959079,0.00033798577959079,"SPZ.1"
"157",1,362253.273936845,6302577.88548791,32.7272727272727,362253.138776641,6302577.67517453,0.00033798577959079,0.00033798577959079,"SPZ.1"
"158",1,362253.273936845,6302577.88548791,32.7272727272727,362253.161303341,6302577.71022676,0.00033798577959079,0.00033798577959079,"SPZ.1"
"159",1,362253.273936845,6302577.88548791,32.7272727272727,362253.183830042,6302577.74527899,0.00033798577959079,0.00033798577959079,"SPZ.1"
"160",1,362253.273936845,6302577.88548791,32.7272727272727,362253.206356743,6302577.78033122,0.00033798577959079,0.00033798577959079,"SPZ.1"
"161",1,362253.273936845,6302577.88548791,32.7272727272727,362253.228883444,6302577.81538345,0.00033798577959079,0.00033798577959079,"SPZ.1"
"162",1,362253.273936845,6302577.88548791,32.7272727272727,362253.251410144,6302577.85043568,0.00033798577959079,0.00033798577959079,"SPZ.1"
"163",1,362253.273936845,6302577.88548791,32.7272727272727,362253.273936845,6302577.88548791,0.00033798577959079,0.00033798577959079,"SPZ.1"
"164",1,362253.273936845,6302577.88548791,32.7272727272727,362253.296463546,6302577.92054014,0.00033798577959079,0.00033798577959079,"SPZ.1"
"165",1,362253.273936845,6302577.88548791,32.7272727272727,362253.318990246,6302577.95559237,0.00033798577959079,0.00033798577959079,"SPZ.1"
"166",1,362253.273936845,6302577.88548791,32.7272727272727,362253.341516947,6302577.9906446,0.00033798577959079,0.00033798577959079,"SPZ.1"
"167",1,362253.273936845,6302577.88548791,32.7272727272727,362253.364043648,6302578.02569683,0.00033798577959079,0.00033798577959079,"SPZ.1"
"168",1,362253.273936845,6302577.88548791,32.7272727272727,362253.386570349,6302578.06074907,0.00033798577959079,0.00033798577959079,"SPZ.1"
"169",1,362253.273936845,6302577.88548791,32.7272727272727,362253.409097049,6302578.0958013,0.00033798577959079,0.00033798577959079,"SPZ.1"
"170",1,362253.273936845,6302577.88548791,32.7272727272727,362253.43162375,6302578.13085353,0.00033798577959079,0.00033798577959079,"SPZ.1"
"171",1,362253.273936845,6302577.88548791,32.7272727272727,362253.454150451,6302578.16590576,0.00033798577959079,0.00033798577959079,"SPZ.1"
"172",1,362253.273936845,6302577.88548791,32.7272727272727,362253.476677152,6302578.20095799,0.00033798577959079,0.00033798577959079,"SPZ.1"
"173",1,362253.273936845,6302577.88548791,32.7272727272727,362253.499203852,6302578.23601022,0.00033798577959079,0.00033798577959079,"SPZ.1"
"174",1,362253.273936845,6302577.88548791,32.7272727272727,362253.521730553,6302578.27106245,0.00033798577959079,0.00033798577959079,"SPZ.1"
"175",1,362253.273936845,6302577.88548791,32.7272727272727,362253.544257254,6302578.30611468,0.00033798577959079,0.00033798577959079,"SPZ.1"
"176",2,342765.273936845,6308117.88548791,98.1818181818182,342764.779026124,6308117.95664533,8.21484394457617e-05,8.21484394457617e-05,"SPZ.2"
"177",2,342765.273936845,6308117.88548791,98.1818181818182,342764.820268684,6308117.95071555,8.21484394457617e-05,8.21484394457617e-05,"SPZ.2"
"178",2,342765.273936845,6308117.88548791,98.1818181818182,342764.861511244,6308117.94478576,8.21484394457617e-05,8.21484394457617e-05,"SPZ.2"
"179",2,342765.273936845,6308117.88548791,98.1818181818182,342764.902753804,6308117.93885598,8.21484394457617e-05,8.21484394457617e-05,"SPZ.2"
"180",2,342765.273936845,6308117.88548791,98.1818181818182,342764.943996364,6308117.93292619,8.21484394457617e-05,8.21484394457617e-05,"SPZ.2"
"181",2,342765.273936845,6308117.88548791,98.1818181818182,342764.985238924,6308117.92699641,8.21484394457617e-05,8.21484394457617e-05,"SPZ.2"
"182",2,342765.273936845,6308117.88548791,98.1818181818182,342765.026481485,6308117.92106662,8.21484394457617e-05,8.21484394457617e-05,"SPZ.2"
"183",2,342765.273936845,6308117.88548791,98.1818181818182,342765.067724045,6308117.91513684,8.21484394457617e-05,8.21484394457617e-05,"SPZ.2"
"184",2,342765.273936845,6308117.88548791,98.1818181818182,342765.108966605,6308117.90920705,8.21484394457617e-05,8.21484394457617e-05,"SPZ.2"
"185",2,342765.273936845,6308117.88548791,98.1818181818182,342765.150209165,6308117.90327727,8.21484394457617e-05,8.21484394457617e-05,"SPZ.2"
"186",2,342765.273936845,6308117.88548791,98.1818181818182,342765.191451725,6308117.89734748,8.21484394457617e-05,8.21484394457617e-05,"SPZ.2"
"187",2,342765.273936845,6308117.88548791,98.1818181818182,342765.232694285,6308117.8914177,8.21484394457617e-05,8.21484394457617e-05,"SPZ.2"
"188",2,342765.273936845,6308117.88548791,98.1818181818182,342765.273936845,6308117.88548791,8.21484394457617e-05,8.21484394457617e-05,"SPZ.2"
"189",2,342765.273936845,6308117.88548791,98.1818181818182,342765.315179405,6308117.87955813,8.21484394457617e-05,8.21484394457617e-05,"SPZ.2"
"190",2,342765.273936845,6308117.88548791,98.1818181818182,342765.356421965,6308117.87362834,8.21484394457617e-05,8.21484394457617e-05,"SPZ.2"
"191",2,342765.273936845,6308117.88548791,98.1818181818182,342765.397664525,6308117.86769856,8.21484394457617e-05,8.21484394457617e-05,"SPZ.2"
"192",2,342765.273936845,6308117.88548791,98.1818181818182,342765.438907085,6308117.86176877,8.21484394457617e-05,8.21484394457617e-05,"SPZ.2"
"193",2,342765.273936845,6308117.88548791,98.1818181818182,342765.480149645,6308117.85583899,8.21484394457617e-05,8.21484394457617e-05,"SPZ.2"
"194",2,342765.273936845,6308117.88548791,98.1818181818182,342765.521392205,6308117.8499092,8.21484394457617e-05,8.21484394457617e-05,"SPZ.2"
"195",2,342765.273936845,6308117.88548791,98.1818181818182,342765.562634766,6308117.84397942,8.21484394457617e-05,8.21484394457617e-05,"SPZ.2"
"196",2,342765.273936845,6308117.88548791,98.1818181818182,342765.603877326,6308117.83804963,8.21484394457617e-05,8.21484394457617e-05,"SPZ.2"
"197",2,342765.273936845,6308117.88548791,98.1818181818182,342765.645119886,6308117.83211985,8.21484394457617e-05,8.21484394457617e-05,"SPZ.2"
"198",2,342765.273936845,6308117.88548791,98.1818181818182,342765.686362446,6308117.82619006,8.21484394457617e-05,8.21484394457617e-05,"SPZ.2"
"199",2,342765.273936845,6308117.88548791,98.1818181818182,342765.727605006,6308117.82026028,8.21484394457617e-05,8.21484394457617e-05,"SPZ.2"
"200",2,342765.273936845,6308117.88548791,98.1818181818182,342765.768847566,6308117.81433049,8.21484394457617e-05,8.21484394457617e-05,"SPZ.2"
"201",3,335341.273936845,6297591.88548791,163.636363636364,335341.133070567,6297592.3652344,8.21484394457617e-05,8.21484394457617e-05,"SPZ.3"
"202",3,335341.273936845,6297591.88548791,163.636363636364,335341.144809423,6297592.32525553,8.21484394457617e-05,8.21484394457617e-05,"SPZ.3"
"203",3,335341.273936845,6297591.88548791,163.636363636364,335341.15654828,6297592.28527665,8.21484394457617e-05,8.21484394457617e-05,"SPZ.3"
"204",3,335341.273936845,6297591.88548791,163.636363636364,335341.168287136,6297592.24529778,8.21484394457617e-05,8.21484394457617e-05,"SPZ.3"
"205",3,335341.273936845,6297591.88548791,163.636363636364,335341.180025993,6297592.2053189,8.21484394457617e-05,8.21484394457617e-05,"SPZ.3"
"206",3,335341.273936845,6297591.88548791,163.636363636364,335341.191764849,6297592.16534003,8.21484394457617e-05,8.21484394457617e-05,"SPZ.3"
"207",3,335341.273936845,6297591.88548791,163.636363636364,335341.203503706,6297592.12536116,8.21484394457617e-05,8.21484394457617e-05,"SPZ.3"
"208",3,335341.273936845,6297591.88548791,163.636363636364,335341.215242562,6297592.08538228,8.21484394457617e-05,8.21484394457617e-05,"SPZ.3"
"209",3,335341.273936845,6297591.88548791,163.636363636364,335341.226981419,6297592.04540341,8.21484394457617e-05,8.21484394457617e-05,"SPZ.3"
"210",3,335341.273936845,6297591.88548791,163.636363636364,335341.238720275,6297592.00542453,8.21484394457617e-05,8.21484394457617e-05,"SPZ.3"
"211",3,335341.273936845,6297591.88548791,163.636363636364,335341.250459132,6297591.96544566,8.21484394457617e-05,8.21484394457617e-05,"SPZ.3"
"212",3,335341.273936845,6297591.88548791,163.636363636364,335341.262197988,6297591.92546679,8.21484394457617e-05,8.21484394457617e-05,"SPZ.3"
"213",3,335341.273936845,6297591.88548791,163.636363636364,335341.273936845,6297591.88548791,8.21484394457617e-05,8.21484394457617e-05,"SPZ.3"
"214",3,335341.273936845,6297591.88548791,163.636363636364,335341.285675702,6297591.84550904,8.21484394457617e-05,8.21484394457617e-05,"SPZ.3"
"215",3,335341.273936845,6297591.88548791,163.636363636364,335341.297414558,6297591.80553016,8.21484394457617e-05,8.21484394457617e-05,"SPZ.3"
"216",3,335341.273936845,6297591.88548791,163.636363636364,335341.309153415,6297591.76555129,8.21484394457617e-05,8.21484394457617e-05,"SPZ.3"
"217",3,335341.273936845,6297591.88548791,163.636363636364,335341.320892271,6297591.72557242,8.21484394457617e-05,8.21484394457617e-05,"SPZ.3"
"218",3,335341.273936845,6297591.88548791,163.636363636364,335341.332631128,6297591.68559354,8.21484394457617e-05,8.21484394457617e-05,"SPZ.3"
"219",3,335341.273936845,6297591.88548791,163.636363636364,335341.344369984,6297591.64561467,8.21484394457617e-05,8.21484394457617e-05,"SPZ.3"
"220",3,335341.273936845,6297591.88548791,163.636363636364,335341.356108841,6297591.60563579,8.21484394457617e-05,8.21484394457617e-05,"SPZ.3"
"221",3,335341.273936845,6297591.88548791,163.636363636364,335341.367847697,6297591.56565692,8.21484394457617e-05,8.21484394457617e-05,"SPZ.3"
"222",3,335341.273936845,6297591.88548791,163.636363636364,335341.379586554,6297591.52567805,8.21484394457617e-05,8.21484394457617e-05,"SPZ.3"
"223",3,335341.273936845,6297591.88548791,163.636363636364,335341.39132541,6297591.48569917,8.21484394457617e-05,8.21484394457617e-05,"SPZ.3"
"224",3,335341.273936845,6297591.88548791,163.636363636364,335341.403064267,6297591.4457203,8.21484394457617e-05,8.21484394457617e-05,"SPZ.3"
"225",3,335341.273936845,6297591.88548791,163.636363636364,335341.414803123,6297591.40574143,8.21484394457617e-05,8.21484394457617e-05,"SPZ.3"
"226",4,356685.273936845,6301192.88548791,229.090909090909,356685.651811632,6301193.21291828,9.33948031371621e-05,9.33948031371621e-05,"SPZ.4"
"227",4,356685.273936845,6301192.88548791,229.090909090909,356685.620322067,6301193.18563242,9.33948031371621e-05,9.33948031371621e-05,"SPZ.4"
"228",4,356685.273936845,6301192.88548791,229.090909090909,356685.588832501,6301193.15834655,9.33948031371621e-05,9.33948031371621e-05,"SPZ.4"
"229",4,356685.273936845,6301192.88548791,229.090909090909,356685.557342935,6301193.13106069,9.33948031371621e-05,9.33948031371621e-05,"SPZ.4"
"230",4,356685.273936845,6301192.88548791,229.090909090909,356685.52585337,6301193.10377482,9.33948031371621e-05,9.33948031371621e-05,"SPZ.4"
"231",4,356685.273936845,6301192.88548791,229.090909090909,356685.494363804,6301193.07648896,9.33948031371621e-05,9.33948031371621e-05,"SPZ.4"
"232",4,356685.273936845,6301192.88548791,229.090909090909,356685.462874239,6301193.0492031,9.33948031371621e-05,9.33948031371621e-05,"SPZ.4"
"233",4,356685.273936845,6301192.88548791,229.090909090909,356685.431384673,6301193.02191723,9.33948031371621e-05,9.33948031371621e-05,"SPZ.4"
"234",4,356685.273936845,6301192.88548791,229.090909090909,356685.399895107,6301192.99463137,9.33948031371621e-05,9.33948031371621e-05,"SPZ.4"
"235",4,356685.273936845,6301192.88548791,229.090909090909,356685.368405542,6301192.9673455,9.33948031371621e-05,9.33948031371621e-05,"SPZ.4"
"236",4,356685.273936845,6301192.88548791,229.090909090909,356685.336915976,6301192.94005964,9.33948031371621e-05,9.33948031371621e-05,"SPZ.4"
"237",4,356685.273936845,6301192.88548791,229.090909090909,356685.305426411,6301192.91277378,9.33948031371621e-05,9.33948031371621e-05,"SPZ.4"
"238",4,356685.273936845,6301192.88548791,229.090909090909,356685.273936845,6301192.88548791,9.33948031371621e-05,9.33948031371621e-05,"SPZ.4"
"239",4,356685.273936845,6301192.88548791,229.090909090909,356685.242447279,6301192.85820205,9.33948031371621e-05,9.33948031371621e-05,"SPZ.4"
"240",4,356685.273936845,6301192.88548791,229.090909090909,356685.210957714,6301192.83091618,9.33948031371621e-05,9.33948031371621e-05,"SPZ.4"
"241",4,356685.273936845,6301192.88548791,229.090909090909,356685.179468148,6301192.80363032,9.33948031371621e-05,9.33948031371621e-05,"SPZ.4"
"242",4,356685.273936845,6301192.88548791,229.090909090909,356685.147978583,6301192.77634446,9.33948031371621e-05,9.33948031371621e-05,"SPZ.4"
"243",4,356685.273936845,6301192.88548791,229.090909090909,356685.116489017,6301192.74905859,9.33948031371621e-05,9.33948031371621e-05,"SPZ.4"
"244",4,356685.273936845,6301192.88548791,229.090909090909,356685.084999451,6301192.72177273,9.33948031371621e-05,9.33948031371621e-05,"SPZ.4"
"245",4,356685.273936845,6301192.88548791,229.090909090909,356685.053509886,6301192.69448686,9.33948031371621e-05,9.33948031371621e-05,"SPZ.4"
"246",4,356685.273936845,6301192.88548791,229.090909090909,356685.02202032,6301192.667201,9.33948031371621e-05,9.33948031371621e-05,"SPZ.4"
"247",4,356685.273936845,6301192.88548791,229.090909090909,356684.990530755,6301192.63991514,9.33948031371621e-05,9.33948031371621e-05,"SPZ.4"
"248",4,356685.273936845,6301192.88548791,229.090909090909,356684.959041189,6301192.61262927,9.33948031371621e-05,9.33948031371621e-05,"SPZ.4"
"249",4,356685.273936845,6301192.88548791,229.090909090909,356684.927551623,6301192.58534341,9.33948031371621e-05,9.33948031371621e-05,"SPZ.4"
"250",4,356685.273936845,6301192.88548791,229.090909090909,356684.896062058,6301192.55805755,9.33948031371621e-05,9.33948031371621e-05,"SPZ.4"
"251",5,324437.273936845,6294821.88548791,130.909090909091,324436.896062058,6294822.21291828,6.97927441111146e-05,6.97927441111146e-05,"SPZ.5"
"252",5,324437.273936845,6294821.88548791,130.909090909091,324436.927551623,6294822.18563242,6.97927441111146e-05,6.97927441111146e-05,"SPZ.5"
"253",5,324437.273936845,6294821.88548791,130.909090909091,324436.959041189,6294822.15834655,6.97927441111146e-05,6.97927441111146e-05,"SPZ.5"
"254",5,324437.273936845,6294821.88548791,130.909090909091,324436.990530755,6294822.13106069,6.97927441111146e-05,6.97927441111146e-05,"SPZ.5"
"255",5,324437.273936845,6294821.88548791,130.909090909091,324437.02202032,6294822.10377482,6.97927441111146e-05,6.97927441111146e-05,"SPZ.5"
"256",5,324437.273936845,6294821.88548791,130.909090909091,324437.053509886,6294822.07648896,6.97927441111146e-05,6.97927441111146e-05,"SPZ.5"
"257",5,324437.273936845,6294821.88548791,130.909090909091,324437.084999451,6294822.0492031,6.97927441111146e-05,6.97927441111146e-05,"SPZ.5"
"258",5,324437.273936845,6294821.88548791,130.909090909091,324437.116489017,6294822.02191723,6.97927441111146e-05,6.97927441111146e-05,"SPZ.5"
"259",5,324437.273936845,6294821.88548791,130.909090909091,324437.147978583,6294821.99463137,6.97927441111146e-05,6.97927441111146e-05,"SPZ.5"
"260",5,324437.273936845,6294821.88548791,130.909090909091,324437.179468148,6294821.9673455,6.97927441111146e-05,6.97927441111146e-05,"SPZ.5"
"261",5,324437.273936845,6294821.88548791,130.909090909091,324437.210957714,6294821.94005964,6.97927441111146e-05,6.97927441111146e-05,"SPZ.5"
"262",5,324437.273936845,6294821.88548791,130.909090909091,324437.242447279,6294821.91277378,6.97927441111146e-05,6.97927441111146e-05,"SPZ.5"
"263",5,324437.273936845,6294821.88548791,130.909090909091,324437.273936845,6294821.88548791,6.97927441111146e-05,6.97927441111146e-05,"SPZ.5"
"264",5,324437.273936845,6294821.88548791,130.909090909091,324437.305426411,6294821.85820205,6.97927441111146e-05,6.97927441111146e-05,"SPZ.5"
"265",5,324437.273936845,6294821.88548791,130.909090909091,324437.336915976,6294821.83091618,6.97927441111146e-05,6.97927441111146e-05,"SPZ.5"
"266",5,324437.273936845,6294821.88548791,130.909090909091,324437.368405542,6294821.80363032,6.97927441111146e-05,6.97927441111146e-05,"SPZ.5"
"267",5,324437.273936845,6294821.88548791,130.909090909091,324437.399895107,6294821.77634446,6.97927441111146e-05,6.97927441111146e-05,"SPZ.5"
"268",5,324437.273936845,6294821.88548791,130.909090909091,324437.431384673,6294821.74905859,6.97927441111146e-05,6.97927441111146e-05,"SPZ.5"
"269",5,324437.273936845,6294821.88548791,130.909090909091,324437.462874239,6294821.72177273,6.97927441111146e-05,6.97927441111146e-05,"SPZ.5"
"270",5,324437.273936845,6294821.88548791,130.909090909091,324437.494363804,6294821.69448686,6.97927441111146e-05,6.97927441111146e-05,"SPZ.5"
"271",5,324437.273936845,6294821.88548791,130.909090909091,324437.52585337,6294821.667201,6.97927441111146e-05,6.97927441111146e-05,"SPZ.5"
"272",5,324437.273936845,6294821.88548791,130.909090909091,324437.557342935,6294821.63991514,6.97927441111146e-05,6.97927441111146e-05,"SPZ.5"
"273",5,324437.273936845,6294821.88548791,130.909090909091,324437.588832501,6294821.61262927,6.97927441111146e-05,6.97927441111146e-05,"SPZ.5"
"274",5,324437.273936845,6294821.88548791,130.909090909091,324437.620322067,6294821.58534341,6.97927441111146e-05,6.97927441111146e-05,"SPZ.5"
"275",5,324437.273936845,6294821.88548791,130.909090909091,324437.651811632,6294821.55805755,6.97927441111146e-05,6.97927441111146e-05,"SPZ.5"
"276",6,359933.273936845,6297314.88548791,0,359933.273936845,6297314.38548791,0.000376183788650657,0.000376183788650657,"SPZ.6"
"277",6,359933.273936845,6297314.88548791,0,359933.273936845,6297314.42715458,0.000376183788650657,0.000376183788650657,"SPZ.6"
"278",6,359933.273936845,6297314.88548791,0,359933.273936845,6297314.46882125,0.000376183788650657,0.000376183788650657,"SPZ.6"
"279",6,359933.273936845,6297314.88548791,0,359933.273936845,6297314.51048791,0.000376183788650657,0.000376183788650657,"SPZ.6"
"280",6,359933.273936845,6297314.88548791,0,359933.273936845,6297314.55215458,0.000376183788650657,0.000376183788650657,"SPZ.6"
"281",6,359933.273936845,6297314.88548791,0,359933.273936845,6297314.59382125,0.000376183788650657,0.000376183788650657,"SPZ.6"
"282",6,359933.273936845,6297314.88548791,0,359933.273936845,6297314.63548791,0.000376183788650657,0.000376183788650657,"SPZ.6"
"283",6,359933.273936845,6297314.88548791,0,359933.273936845,6297314.67715458,0.000376183788650657,0.000376183788650657,"SPZ.6"
"284",6,359933.273936845,6297314.88548791,0,359933.273936845,6297314.71882125,0.000376183788650657,0.000376183788650657,"SPZ.6"
"285",6,359933.273936845,6297314.88548791,0,359933.273936845,6297314.76048791,0.000376183788650657,0.000376183788650657,"SPZ.6"
"286",6,359933.273936845,6297314.88548791,0,359933.273936845,6297314.80215458,0.000376183788650657,0.000376183788650657,"SPZ.6"
"287",6,359933.273936845,6297314.88548791,0,359933.273936845,6297314.84382125,0.000376183788650657,0.000376183788650657,"SPZ.6"
"288",6,359933.273936845,6297314.88548791,0,359933.273936845,6297314.88548791,0.000376183788650657,0.000376183788650657,"SPZ.6"
"289",6,359933.273936845,6297314.88548791,0,359933.273936845,6297314.92715458,0.000376183788650657,0.000376183788650657,"SPZ.6"
"290",6,359933.273936845,6297314.88548791,0,359933.273936845,6297314.96882125,0.000376183788650657,0.000376183788650657,"SPZ.6"
"291",6,359933.273936845,6297314.88548791,0,359933.273936845,6297315.01048791,0.000376183788650657,0.000376183788650657,"SPZ.6"
"292",6,359933.273936845,6297314.88548791,0,359933.273936845,6297315.05215458,0.000376183788650657,0.000376183788650657,"SPZ.6"
"293",6,359933.273936845,6297314.88548791,0,359933.273936845,6297315.09382125,0.000376183788650657,0.000376183788650657,"SPZ.6"
"294",6,359933.273936845,6297314.88548791,0,359933.273936845,6297315.13548791,0.000376183788650657,0.000376183788650657,"SPZ.6"
"295",6,359933.273936845,6297314.88548791,0,359933.273936845,6297315.17715458,0.000376183788650657,0.000376183788650657,"SPZ.6"
"296",6,359933.273936845,6297314.88548791,0,359933.273936845,6297315.21882125,0.000376183788650657,0.000376183788650657,"SPZ.6"
"297",6,359933.273936845,6297314.88548791,0,359933.273936845,6297315.26048791,0.000376183788650657,0.000376183788650657,"SPZ.6"
"298",6,359933.273936845,6297314.88548791,0,359933.273936845,6297315.30215458,0.000376183788650657,0.000376183788650657,"SPZ.6"
"299",6,359933.273936845,6297314.88548791,0,359933.273936845,6297315.34382125,0.000376183788650657,0.000376183788650657,"SPZ.6"
"300",6,359933.273936845,6297314.88548791,0,359933.273936845,6297315.38548791,0.000376183788650657,0.000376183788650657,"SPZ.6"
"301",1,326525.273936845,6288450.88548791,196.363636363636,326525.414803123,6288451.3652344,0.000180961836126234,0.000180961836126234,"MUZ.1"
"302",1,326525.273936845,6288450.88548791,196.363636363636,326525.403064267,6288451.32525553,0.000180961836126234,0.000180961836126234,"MUZ.1"
"303",1,326525.273936845,6288450.88548791,196.363636363636,326525.39132541,6288451.28527665,0.000180961836126234,0.000180961836126234,"MUZ.1"
"304",1,326525.273936845,6288450.88548791,196.363636363636,326525.379586554,6288451.24529778,0.000180961836126234,0.000180961836126234,"MUZ.1"
"305",1,326525.273936845,6288450.88548791,196.363636363636,326525.367847697,6288451.2053189,0.000180961836126234,0.000180961836126234,"MUZ.1"
"306",1,326525.273936845,6288450.88548791,196.363636363636,326525.356108841,6288451.16534003,0.000180961836126234,0.000180961836126234,"MUZ.1"
"307",1,326525.273936845,6288450.88548791,196.363636363636,326525.344369984,6288451.12536116,0.000180961836126234,0.000180961836126234,"MUZ.1"
"308",1,326525.273936845,6288450.88548791,196.363636363636,326525.332631128,6288451.08538228,0.000180961836126234,0.000180961836126234,"MUZ.1"
"309",1,326525.273936845,6288450.88548791,196.363636363636,326525.320892271,6288451.04540341,0.000180961836126234,0.000180961836126234,"MUZ.1"
"310",1,326525.273936845,6288450.88548791,196.363636363636,326525.309153415,6288451.00542453,0.000180961836126234,0.000180961836126234,"MUZ.1"
"311",1,326525.273936845,6288450.88548791,196.363636363636,326525.297414558,6288450.96544566,0.000180961836126234,0.000180961836126234,"MUZ.1"
"312",1,326525.273936845,6288450.88548791,196.363636363636,326525.285675702,6288450.92546679,0.000180961836126234,0.000180961836126234,"MUZ.1"
"313",1,326525.273936845,6288450.88548791,196.363636363636,326525.273936845,6288450.88548791,0.000180961836126234,0.000180961836126234,"MUZ.1"
"314",1,326525.273936845,6288450.88548791,196.363636363636,326525.262197988,6288450.84550904,0.000180961836126234,0.000180961836126234,"MUZ.1"
"315",1,326525.273936845,6288450.88548791,196.363636363636,326525.250459132,6288450.80553016,0.000180961836126234,0.000180961836126234,"MUZ.1"
"316",1,326525.273936845,6288450.88548791,196.363636363636,326525.238720275,6288450.76555129,0.000180961836126234,0.000180961836126234,"MUZ.1"
"317",1,326525.273936845,6288450.88548791,196.363636363636,326525.226981419,6288450.72557242,0.000180961836126234,0.000180961836126234,"MUZ.1"
"318",1,326525.273936845,6288450.88548791,196.363636363636,326525.215242562,6288450.68559354,0.000180961836126234,0.000180961836126234,"MUZ.1"
"319",1,326525.273936845,6288450.88548791,196.363636363636,326525.203503706,6288450.64561467,0.000180961836126234,0.000180961836126234,"MUZ.1"
"320",1,326525.273936845,6288450.88548791,196.363636363636,326525.191764849,6288450.60563579,0.000180961836126234,0.000180961836126234,"MUZ.1"
"321",1,326525.273936845,6288450.88548791,196.363636363636,326525.180025993,6288450.56565692,0.000180961836126234,0.000180961836126234,"MUZ.1"
"322",1,326525.273936845,6288450.88548791,196.363636363636,326525.168287136,6288450.52567805,0.000180961836126234,0.000180961836126234,"MUZ.1"
"323",1,326525.273936845,6288450.88548791,196.363636363636,326525.15654828,6288450.48569917,0.000180961836126234,0.000180961836126234,"MUZ.1"
"324",1,326525.273936845,6288450.88548791,196.363636363636,326525.144809423,6288450.4457203,0.000180961836126234,0.000180961836126234,"MUZ.1"
"325",1,326525.273936845,6288450.88548791,196.363636363636,326525.133070567,6288450.40574143,0.000180961836126234,0.000180961836126234,"MUZ.1"
"326",2,336269.273936845,6281525.88548791,261.818181818182,336269.768847566,6281525.95664533,0.000516353312758191,0.000516353312758191,"MUZ.2"
"327",2,336269.273936845,6281525.88548791,261.818181818182,336269.727605006,6281525.95071555,0.000516353312758191,0.000516353312758191,"MUZ.2"
"328",2,336269.273936845,6281525.88548791,261.818181818182,336269.686362446,6281525.94478576,0.000516353312758191,0.000516353312758191,"MUZ.2"
"329",2,336269.273936845,6281525.88548791,261.818181818182,336269.645119886,6281525.93885598,0.000516353312758191,0.000516353312758191,"MUZ.2"
"330",2,336269.273936845,6281525.88548791,261.818181818182,336269.603877326,6281525.93292619,0.000516353312758191,0.000516353312758191,"MUZ.2"
"331",2,336269.273936845,6281525.88548791,261.818181818182,336269.562634766,6281525.92699641,0.000516353312758191,0.000516353312758191,"MUZ.2"
"332",2,336269.273936845,6281525.88548791,261.818181818182,336269.521392205,6281525.92106662,0.000516353312758191,0.000516353312758191,"MUZ.2"
"333",2,336269.273936845,6281525.88548791,261.818181818182,336269.480149645,6281525.91513684,0.000516353312758191,0.000516353312758191,"MUZ.2"
"334",2,336269.273936845,6281525.88548791,261.818181818182,336269.438907085,6281525.90920705,0.000516353312758191,0.000516353312758191,"MUZ.2"
"335",2,336269.273936845,6281525.88548791,261.818181818182,336269.397664525,6281525.90327727,0.000516353312758191,0.000516353312758191,"MUZ.2"
"336",2,336269.273936845,6281525.88548791,261.818181818182,336269.356421965,6281525.89734748,0.000516353312758191,0.000516353312758191,"MUZ.2"
"337",2,336269.273936845,6281525.88548791,261.818181818182,336269.315179405,6281525.8914177,0.000516353312758191,0.000516353312758191,"MUZ.2"
"338",2,336269.273936845,6281525.88548791,261.818181818182,336269.273936845,6281525.88548791,0.000516353312758191,0.000516353312758191,"MUZ.2"
"339",2,336269.273936845,6281525.88548791,261.818181818182,336269.232694285,6281525.87955813,0.000516353312758191,0.000516353312758191,"MUZ.2"
"340",2,336269.273936845,6281525.88548791,261.818181818182,336269.191451725,6281525.87362834,0.000516353312758191,0.000516353312758191,"MUZ.2"
"341",2,336269.273936845,6281525.88548791,261.818181818182,336269.150209165,6281525.86769856,0.000516353312758191,0.000516353312758191,"MUZ.2"
"342",2,336269.273936845,6281525.88548791,261.818181818182,336269.108966605,6281525.86176877,0.000516353312758191,0.000516353312758191,"MUZ.2"
"343",2,336269.273936845,6281525.88548791,261.818181818182,336269.067724045,6281525.85583899,0.000516353312758191,0.000516353312758191,"MUZ.2"
"344",2,336269.273936845,6281525.88548791,261.818181818182,336269.026481485,6281525.8499092,0.000516353312758191,0.000516353312758191,"MUZ.2"
"345",2,336269.273936845,6281525.88548791,261.818181818182,336268.985238924,6281525.84397942,0.000516353312758191,0.000516353312758191,"MUZ.2"
"346",2,336269.273936845,6281525.88548791,261.818181818182,336268.943996364,6281525.83804963,0.000516353312758191,0.000516353312758191,"MUZ.2"
"347",2,336269.273936845,6281525.88548791,261.818181818182,336268.902753804,6281525.83211985,0.000516353312758191,0.000516353312758191,"MUZ.2"
"348",2,336269.273936845,6281525.88548791,261.818181818182,336268.861511244,6281525.82619006,0.000516353312758191,0.000516353312758191,"MUZ.2"
"349",2,336269.273936845,6281525.88548791,261.818181818182,336268.820268684,6281525.82026028,0.000516353312758191,0.000516353312758191,"MUZ.2"
"350",2,336269.273936845,6281525.88548791,261.818181818182,336268.779026124,6281525.81433049,0.000516353312758191,0.000516353312758191,"MUZ.2"
"351",3,339749.273936845,6282910.88548791,32.7272727272727,339749.003616436,6282910.46486115,0.000221075531874098,0.000221075531874098,"MUZ.3"
"352",3,339749.273936845,6282910.88548791,32.7272727272727,339749.026143137,6282910.49991338,0.000221075531874098,0.000221075531874098,"MUZ.3"
"353",3,339749.273936845,6282910.88548791,32.7272727272727,339749.048669838,6282910.53496561,0.000221075531874098,0.000221075531874098,"MUZ.3"
"354",3,339749.273936845,6282910.88548791,32.7272727272727,339749.071196538,6282910.57001784,0.000221075531874098,0.000221075531874098,"MUZ.3"
"355",3,339749.273936845,6282910.88548791,32.7272727272727,339749.093723239,6282910.60507007,0.000221075531874098,0.000221075531874098,"MUZ.3"
"356",3,339749.273936845,6282910.88548791,32.7272727272727,339749.11624994,6282910.6401223,0.000221075531874098,0.000221075531874098,"MUZ.3"
"357",3,339749.273936845,6282910.88548791,32.7272727272727,339749.138776641,6282910.67517453,0.000221075531874098,0.000221075531874098,"MUZ.3"
"358",3,339749.273936845,6282910.88548791,32.7272727272727,339749.161303341,6282910.71022676,0.000221075531874098,0.000221075531874098,"MUZ.3"
"359",3,339749.273936845,6282910.88548791,32.7272727272727,339749.183830042,6282910.74527899,0.000221075531874098,0.000221075531874098,"MUZ.3"
"360",3,339749.273936845,6282910.88548791,32.7272727272727,339749.206356743,6282910.78033122,0.000221075531874098,0.000221075531874098,"MUZ.3"
"361",3,339749.273936845,6282910.88548791,32.7272727272727,339749.228883444,6282910.81538345,0.000221075531874098,0.000221075531874098,"MUZ.3"
"362",3,339749.273936845,6282910.88548791,32.7272727272727,339749.251410144,6282910.85043568,0.000221075531874098,0.000221075531874098,"MUZ.3"
"363",3,339749.273936845,6282910.88548791,32.7272727272727,339749.273936845,6282910.88548791,0.000221075531874098,0.000221075531874098,"MUZ.3"
"364",3,339749.273936845,6282910.88548791,32.7272727272727,339749.296463546,6282910.92054014,0.000221075531874098,0.000221075531874098,"MUZ.3"
"365",3,339749.273936845,6282910.88548791,32.7272727272727,339749.318990246,6282910.95559237,0.000221075531874098,0.000221075531874098,"MUZ.3"
"366",3,339749.273936845,6282910.88548791,32.7272727272727,339749.341516947,6282910.9906446,0.000221075531874098,0.000221075531874098,"MUZ.3"
"367",3,339749.273936845,6282910.88548791,32.7272727272727,339749.364043648,6282911.02569683,0.000221075531874098,0.000221075531874098,"MUZ.3"
"368",3,339749.273936845,6282910.88548791,32.7272727272727,339749.386570349,6282911.06074907,0.000221075531874098,0.000221075531874098,"MUZ.3"
"369",3,339749.273936845,6282910.88548791,32.7272727272727,339749.409097049,6282911.0958013,0.000221075531874098,0.000221075531874098,"MUZ.3"
"370",3,339749.273936845,6282910.88548791,32.7272727272727,339749.43162375,6282911.13085353,0.000221075531874098,0.000221075531874098,"MUZ.3"
"371",3,339749.273936845,6282910.88548791,32.7272727272727,339749.454150451,6282911.16590576,0.000221075531874098,0.000221075531874098,"MUZ.3"
"372",3,339749.273936845,6282910.88548791,32.7272727272727,339749.476677152,6282911.20095799,0.000221075531874098,0.000221075531874098,"MUZ.3"
"373",3,339749.273936845,6282910.88548791,32.7272727272727,339749.499203852,6282911.23601022,0.000221075531874098,0.000221075531874098,"MUZ.3"
"374",3,339749.273936845,6282910.88548791,32.7272727272727,339749.521730553,6282911.27106245,0.000221075531874098,0.000221075531874098,"MUZ.3"
"375",3,339749.273936845,6282910.88548791,32.7272727272727,339749.544257254,6282911.30611468,0.000221075531874098,0.000221075531874098,"MUZ.3"
"376",4,344621.273936845,6289004.88548791,294.545454545455,344621.728752843,6289004.67778041,0.000138407602382083,0.000138407602382083,"MUZ.4"
"377",4,344621.273936845,6289004.88548791,294.545454545455,344621.69085151,6289004.69508936,0.000138407602382083,0.000138407602382083,"MUZ.4"
"378",4,344621.273936845,6289004.88548791,294.545454545455,344621.652950176,6289004.71239832,0.000138407602382083,0.000138407602382083,"MUZ.4"
"379",4,344621.273936845,6289004.88548791,294.545454545455,344621.615048843,6289004.72970728,0.000138407602382083,0.000138407602382083,"MUZ.4"
"380",4,344621.273936845,6289004.88548791,294.545454545455,344621.57714751,6289004.74701624,0.000138407602382083,0.000138407602382083,"MUZ.4"
"381",4,344621.273936845,6289004.88548791,294.545454545455,344621.539246177,6289004.7643252,0.000138407602382083,0.000138407602382083,"MUZ.4"
"382",4,344621.273936845,6289004.88548791,294.545454545455,344621.501344844,6289004.78163416,0.000138407602382083,0.000138407602382083,"MUZ.4"
"383",4,344621.273936845,6289004.88548791,294.545454545455,344621.463443511,6289004.79894312,0.000138407602382083,0.000138407602382083,"MUZ.4"
"384",4,344621.273936845,6289004.88548791,294.545454545455,344621.425542178,6289004.81625208,0.000138407602382083,0.000138407602382083,"MUZ.4"
"385",4,344621.273936845,6289004.88548791,294.545454545455,344621.387640844,6289004.83356104,0.000138407602382083,0.000138407602382083,"MUZ.4"
"386",4,344621.273936845,6289004.88548791,294.545454545455,344621.349739511,6289004.85086999,0.000138407602382083,0.000138407602382083,"MUZ.4"
"387",4,344621.273936845,6289004.88548791,294.545454545455,344621.311838178,6289004.86817895,0.000138407602382083,0.000138407602382083,"MUZ.4"
"388",4,344621.273936845,6289004.88548791,294.545454545455,344621.273936845,6289004.88548791,0.000138407602382083,0.000138407602382083,"MUZ.4"
"389",4,344621.273936845,6289004.88548791,294.545454545455,344621.236035512,6289004.90279687,0.000138407602382083,0.000138407602382083,"MUZ.4"
"390",4,344621.273936845,6289004.88548791,294.545454545455,344621.198134179,6289004.92010583,0.000138407602382083,0.000138407602382083,"MUZ.4"
"391",4,344621.273936845,6289004.88548791,294.545454545455,344621.160232846,6289004.93741479,0.000138407602382083,0.000138407602382083,"MUZ.4"
"392",4,344621.273936845,6289004.88548791,294.545454545455,344621.122331512,6289004.95472375,0.000138407602382083,0.000138407602382083,"MUZ.4"
"393",4,344621.273936845,6289004.88548791,294.545454545455,344621.084430179,6289004.97203271,0.000138407602382083,0.000138407602382083,"MUZ.4"
"394",4,344621.273936845,6289004.88548791,294.545454545455,344621.046528846,6289004.98934167,0.000138407602382083,0.000138407602382083,"MUZ.4"
"395",4,344621.273936845,6289004.88548791,294.545454545455,344621.008627513,6289005.00665062,0.000138407602382083,0.000138407602382083,"MUZ.4"
"396",4,344621.273936845,6289004.88548791,294.545454545455,344620.97072618,6289005.02395958,0.000138407602382083,0.000138407602382083,"MUZ.4"
"397",4,344621.273936845,6289004.88548791,294.545454545455,344620.932824847,6289005.04126854,0.000138407602382083,0.000138407602382083,"MUZ.4"
"398",4,344621.273936845,6289004.88548791,294.545454545455,344620.894923514,6289005.0585775,0.000138407602382083,0.000138407602382083,"MUZ.4"
"399",4,344621.273936845,6289004.88548791,294.545454545455,344620.85702218,6289005.07588646,0.000138407602382083,0.000138407602382083,"MUZ.4"
"400",4,344621.273936845,6289004.88548791,294.545454545455,344620.819120847,6289005.09319542,0.000138407602382083,0.000138407602382083,"MUZ.4"
"401",5,334877.273936845,6293436.88548791,229.090909090909,334877.651811632,6293437.21291828,0.000180961836126234,0.000180961836126234,"MUZ.5"
"402",5,334877.273936845,6293436.88548791,229.090909090909,334877.620322067,6293437.18563242,0.000180961836126234,0.000180961836126234,"MUZ.5"
"403",5,334877.273936845,6293436.88548791,229.090909090909,334877.588832501,6293437.15834655,0.000180961836126234,0.000180961836126234,"MUZ.5"
"404",5,334877.273936845,6293436.88548791,229.090909090909,334877.557342935,6293437.13106069,0.000180961836126234,0.000180961836126234,"MUZ.5"
"405",5,334877.273936845,6293436.88548791,229.090909090909,334877.52585337,6293437.10377482,0.000180961836126234,0.000180961836126234,"MUZ.5"
"406",5,334877.273936845,6293436.88548791,229.090909090909,334877.494363804,6293437.07648896,0.000180961836126234,0.000180961836126234,"MUZ.5"
"407",5,334877.273936845,6293436.88548791,229.090909090909,334877.462874239,6293437.0492031,0.000180961836126234,0.000180961836126234,"MUZ.5"
"408",5,334877.273936845,6293436.88548791,229.090909090909,334877.431384673,6293437.02191723,0.000180961836126234,0.000180961836126234,"MUZ.5"
"409",5,334877.273936845,6293436.88548791,229.090909090909,334877.399895107,6293436.99463137,0.000180961836126234,0.000180961836126234,"MUZ.5"
"410",5,334877.273936845,6293436.88548791,229.090909090909,334877.368405542,6293436.9673455,0.000180961836126234,0.000180961836126234,"MUZ.5"
"411",5,334877.273936845,6293436.88548791,229.090909090909,334877.336915976,6293436.94005964,0.000180961836126234,0.000180961836126234,"MUZ.5"
"412",5,334877.273936845,6293436.88548791,229.090909090909,334877.305426411,6293436.91277378,0.000180961836126234,0.000180961836126234,"MUZ.5"
"413",5,334877.273936845,6293436.88548791,229.090909090909,334877.273936845,6293436.88548791,0.000180961836126234,0.000180961836126234,"MUZ.5"
"414",5,334877.273936845,6293436.88548791,229.090909090909,334877.242447279,6293436.85820205,0.000180961836126234,0.000180961836126234,"MUZ.5"
"415",5,334877.273936845,6293436.88548791,229.090909090909,334877.210957714,6293436.83091618,0.000180961836126234,0.000180961836126234,"MUZ.5"
"416",5,334877.273936845,6293436.88548791,229.090909090909,334877.179468148,6293436.80363032,0.000180961836126234,0.000180961836126234,"MUZ.5"
"417",5,334877.273936845,6293436.88548791,229.090909090909,334877.147978583,6293436.77634446,0.000180961836126234,0.000180961836126234,"MUZ.5"
"418",5,334877.273936845,6293436.88548791,229.090909090909,334877.116489017,6293436.74905859,0.000180961836126234,0.000180961836126234,"MUZ.5"
"419",5,334877.273936845,6293436.88548791,229.090909090909,334877.084999451,6293436.72177273,0.000180961836126234,0.000180961836126234,"MUZ.5"
"420",5,334877.273936845,6293436.88548791,229.090909090909,334877.053509886,6293436.69448686,0.000180961836126234,0.000180961836126234,"MUZ.5"
"421",5,334877.273936845,6293436.88548791,229.090909090909,334877.02202032,6293436.667201,0.000180961836126234,0.000180961836126234,"MUZ.5"
"422",5,334877.273936845,6293436.88548791,229.090909090909,334876.990530755,6293436.63991514,0.000180961836126234,0.000180961836126234,"MUZ.5"
"423",5,334877.273936845,6293436.88548791,229.090909090909,334876.959041189,6293436.61262927,0.000180961836126234,0.000180961836126234,"MUZ.5"
"424",5,334877.273936845,6293436.88548791,229.090909090909,334876.927551623,6293436.58534341,0.000180961836126234,0.000180961836126234,"MUZ.5"
"425",5,334877.273936845,6293436.88548791,229.090909090909,334876.896062058,6293436.55805755,0.000180961836126234,0.000180961836126234,"MUZ.5"
"426",6,332557.273936845,6282079.88548791,229.090909090909,332557.651811632,6282080.21291828,0.000221075531874098,0.000221075531874098,"MUZ.6"
"427",6,332557.273936845,6282079.88548791,229.090909090909,332557.620322067,6282080.18563242,0.000221075531874098,0.000221075531874098,"MUZ.6"
"428",6,332557.273936845,6282079.88548791,229.090909090909,332557.588832501,6282080.15834655,0.000221075531874098,0.000221075531874098,"MUZ.6"
"429",6,332557.273936845,6282079.88548791,229.090909090909,332557.557342935,6282080.13106069,0.000221075531874098,0.000221075531874098,"MUZ.6"
"430",6,332557.273936845,6282079.88548791,229.090909090909,332557.52585337,6282080.10377482,0.000221075531874098,0.000221075531874098,"MUZ.6"
"431",6,332557.273936845,6282079.88548791,229.090909090909,332557.494363804,6282080.07648896,0.000221075531874098,0.000221075531874098,"MUZ.6"
"432",6,332557.273936845,6282079.88548791,229.090909090909,332557.462874239,6282080.0492031,0.000221075531874098,0.000221075531874098,"MUZ.6"
"433",6,332557.273936845,6282079.88548791,229.090909090909,332557.431384673,6282080.02191723,0.000221075531874098,0.000221075531874098,"MUZ.6"
"434",6,332557.273936845,6282079.88548791,229.090909090909,332557.399895107,6282079.99463137,0.000221075531874098,0.000221075531874098,"MUZ.6"
"435",6,332557.273936845,6282079.88548791,229.090909090909,332557.368405542,6282079.9673455,0.000221075531874098,0.000221075531874098,"MUZ.6"
"436",6,332557.273936845,6282079.88548791,229.090909090909,332557.336915976,6282079.94005964,0.000221075531874098,0.000221075531874098,"MUZ.6"
"437",6,332557.273936845,6282079.88548791,229.090909090909,332557.305426411,6282079.91277378,0.000221075531874098,0.000221075531874098,"MUZ.6"
"438",6,332557.273936845,6282079.88548791,229.090909090909,332557.273936845,6282079.88548791,0.000221075531874098,0.000221075531874098,"MUZ.6"
"439",6,332557.273936845,6282079.88548791,229.090909090909,332557.242447279,6282079.85820205,0.000221075531874098,0.000221075531874098,"MUZ.6"
"440",6,332557.273936845,6282079.88548791,229.090909090909,332557.210957714,6282079.83091618,0.000221075531874098,0.000221075531874098,"MUZ.6"
"441",6,332557.273936845,6282079.88548791,229.090909090909,332557.179468148,6282079.80363032,0.000221075531874098,0.000221075531874098,"MUZ.6"
"442",6,332557.273936845,6282079.88548791,229.090909090909,332557.147978583,6282079.77634446,0.000221075531874098,0.000221075531874098,"MUZ.6"
"443",6,332557.273936845,6282079.88548791,229.090909090909,332557.116489017,6282079.74905859,0.000221075531874098,0.000221075531874098,"MUZ.6"
"444",6,332557.273936845,6282079.88548791,229.090909090909,332557.084999451,6282079.72177273,0.000221075531874098,0.000221075531874098,"MUZ.6"
"445",6,332557.273936845,6282079.88548791,229.090909090909,332557.053509886,6282079.69448686,0.000221075531874098,0.000221075531874098,"MUZ.6"
"446",6,332557.273936845,6282079.88548791,229.090909090909,332557.02202032,6282079.667201,0.000221075531874098,0.000221075531874098,"MUZ.6"
"447",6,332557.273936845,6282079.88548791,229.090909090909,332556.990530755,6282079.63991514,0.000221075531874098,0.000221075531874098,"MUZ.6"
"448",6,332557.273936845,6282079.88548791,229.090909090909,332556.959041189,6282079.61262927,0.000221075531874098,0.000221075531874098,"MUZ.6"
"449",6,332557.273936845,6282079.88548791,229.090909090909,332556.927551623,6282079.58534341,0.000221075531874098,0.000221075531874098,"MUZ.6"
"450",6,332557.273936845,6282079.88548791,229.090909090909,332556.896062058,6282079.55805755,0.000221075531874098,0.000221075531874098,"MUZ.6"
